Entity_Name,Entity_ID,Type_Name,Type_ID
10_Downing_Street,0,Government,1
A.K._Singh,1,Person,0
A.P._Sharma,2,Person,0
AB_Lithuanian_Gas,3,Person,0
ACT_Party,4,Political Party,3
ADF-NALU,5,Location/Other,8
AIDESEP,6,Location/Other,8
AK_Singh,7,Person,0
ANC_Youth_League,8,Political Party,3
ANS_Group_of_Companies,9,Organization,4
ASEAN_Defense_Ministers,10,Military,2
AT&T,11,Location/Other,8
Aafia_Siddiqui,12,Person,0
Aam_Aadmi_Party,13,Political Party,3
Aamir_Khan,14,Person,0
Abbas_Medlej,15,Person,0
Abbot_(Thailand),16,Person,0
Abdallah_al-Maatouq,17,Person,0
Abdel_Fattah_Al-Sisi,18,Person,0
Abdelhamid_Abou_Zeid,19,Person,0
Abdelilah_Benkirane,20,Person,0
Abdelkader_Messahel,21,Person,0
Abdelkader_Taleb_Oumar,22,Person,0
Abdeslam_Bouchouareb,23,Person,0
Abdi_Shakur_Sheikh_Hassan,24,Person,0
Abdikarim_Hussein_Guled,25,Person,0
Abdirahman_Ducaale_Bayle,26,Person,0
Abdirahman_Mohamed_Farole,27,Person,0
Abdiweli_Shaykh_Ahmad,28,Person,0
Abdiweli_Sheikh_Ahmed,29,Person,0
Abdol-Reza_Mesri,30,Person,0
Abdolreza_Rahmani-Fazli,31,Person,0
Abdou_Labo,32,Person,0
Abdoulaye_Bathily,33,Person,0
Abdoulaye_Diop,34,Person,0
Abdoulaye_Seck,35,Person,0
Abdoulaye_Wade,36,Person,0
Abdul'aziz_Abubakar_Yari,37,Person,0
Abdul_Aziz,38,Person,0
Abdul_Hamid,39,Person,0
Abdul_Kalam,40,Person,0
Abdul_Karim_Tunda,41,Person,0
Abdul_Madzhid,42,Person,0
Abdul_Rahim_Wardak,43,Person,0
Abdulla_Yameen,44,Person,0
Abdullah_Abdullah,45,Person,0
Abdullah_Gül,46,Person,0
Abdullah_bin_Nasser_bin_Khalifa_Al-Thani,47,Person,0
Abdullatif_Al-Zayani,48,Person,0
Abdullatif_bin_Rashid_Al-Zayani,49,Person,0
Abdulrahman_Kinana,50,Person,0
Abdulsalami_Alhaji_Abubakar,51,Person,0
Abhisit_Vejjajiva,52,Person,0
Aborigine,53,Location/Other,8
Abraham_Tekeste,54,Person,0
Abu_Azmi,55,Person,0
Abu_Bakr_Abdullah_al-Qirbi,56,Person,0
Abu_Bakr_al-Baghdadi,57,Person,0
Abu_Dhabi_Education_Council,58,Organization,4
Abu_Misry_Mama,59,Person,0
Abu_Musab_al-Zarqawi,60,Person,0
Abu_Salem,61,Person,0
Abu_Sayyaf,62,Person,0
Abu_al-Walid,63,Person,0
Academic_Staff_Union_of_Universities,64,Political Party,3
Aceh,65,Location/Other,8
Achike_Udenwa,66,Person,0
ActionAid,67,Location/Other,8
Activist_(Aceh),68,Person,0
Activist_(Algeria),69,Person,0
Activist_(Azerbaijan),70,Person,0
Activist_(Belarus),71,Person,0
Activist_(Cambodia),72,Person,0
Activist_(Colombia),73,Person,0
Activist_(Communist_Party_of_India),74,Person,0
Activist_(Cote_d'Ivoire),75,Person,0
Activist_(Crimea),76,Person,0
Activist_(Cuba),77,Person,0
Activist_(Czech_Republic),78,Person,0
Activist_(Democractic_Party_of_Cote_d'Ivoire_-_African_Democratic_Rally),79,Person,0
Activist_(Ethiopia),80,Person,0
Activist_(France),81,Person,0
Activist_(Germany),82,Person,0
Activist_(Hezbul_Mujahedeen),83,Person,0
Activist_(Hungary),84,Person,0
Activist_(Iraq),85,Person,0
Activist_(Islami_Chhatra_Shibir),86,Person,0
Activist_(Jamaat_I_Islami),87,Person,0
Activist_(Jatiya_(national)_Party),88,Person,0
Activist_(Kuwait),89,Person,0
Activist_(Kyrgyzstan),90,Person,0
Activist_(Liberal_Democrats),91,Person,0
Activist_(Likud),92,Person,0
Activist_(Namibia),93,Person,0
Activist_(Netherlands),94,Person,0
Activist_(Niger),95,Person,0
Activist_(Nigeria),96,Person,0
Activist_(Sahrawi_people),97,Person,0
Activist_(Shiv_Sena),98,Person,0
Activist_(Somalia),99,Person,0
Activist_(Sri_Lanka),100,Person,0
Activist_(Syria),101,Person,0
Activist_(Thailand),102,Person,0
Activist_(United_States),103,Person,0
Activist_(Western_Sahara),104,Person,0
Activist_(Zambia),105,Person,0
Actor_(Bahrain),106,Person,0
Actor_(Congo),107,Person,0
Actor_(France),108,Person,0
Actor_(Gabon),109,Person,0
Actor_(Haiti),110,Person,0
Actor_(Hong_Kong),111,Person,0
Actor_(Hungary),112,Person,0
Actor_(Philippines),113,Person,0
Actor_(Russia),114,Person,0
Actor_(Serbia),115,Person,0
Actor_(Slovakia),116,Person,0
Actor_(Syria),117,Person,0
Actor_(United_Kingdom),118,Person,0
Adam_Kighoma_Malima,119,Person,0
Adam_Sultanovich_Delimkhanov,120,Person,0
Adama_Dieng,121,Person,0
Adams_Oshiomhole,122,Person,0
Adebisi_Akande,123,Person,0
Adel_Adawy,124,Person,0
Adel_Labib,125,Person,0
Aderenle_Shinaba,126,Person,0
Adil_Abdul-Mahdi,127,Person,0
Adilbek_Dzhaksybekov,128,Person,0
Adli_Mansour,129,Person,0
Administrative_Body_(India),130,Person,0
Administrative_Department_of_Security,131,Government,1
Admiral_(Central_African_Republic),132,Military,2
Admiral_(China),133,Military,2
Admiral_(France),134,Military,2
Admiral_(India),135,Military,2
Admiral_(Iran),136,Military,2
Admiral_(Latvia),137,Military,2
Admiral_(Pakistan),138,Military,2
Admiral_(Romania),139,Military,2
Admiral_(Russia),140,Military,2
Admiral_(Sweden),141,Military,2
Adrian_Edwards,142,Person,0
Aero_Vodochody,143,Person,0
Afenifere,144,Location/Other,8
Afghan_National_Army,145,Military,2
Afghanistan,146,Location/Other,8
Afonso_Pedro_Canga,147,Person,0
African_Christian_Democratic_Party,148,Political Party,3
African_Commission_on_Human_and_People's_Rights,149,Government,1
African_Union,150,Organization,4
Agence_France-Presse,151,Media,7
Aggrey_Tisa_Sabuni,152,Person,0
Agriculture_/_Fishing_/_Forestry_Ministry_(Belarus),153,Government,1
Agriculture_/_Fishing_/_Forestry_Ministry_(Brazil),154,Government,1
Agriculture_/_Fishing_/_Forestry_Ministry_(China),155,Government,1
Agriculture_/_Fishing_/_Forestry_Ministry_(Fiji),156,Government,1
Agriculture_/_Fishing_/_Forestry_Ministry_(Laos),157,Government,1
Agriculture_/_Fishing_/_Forestry_Ministry_(Liberia),158,Government,1
Agriculture_/_Fishing_/_Forestry_Ministry_(Namibia),159,Government,1
Agriculture_/_Fishing_/_Forestry_Ministry_(Netherlands),160,Government,1
Agriculture_/_Fishing_/_Forestry_Ministry_(Pakistan),161,Government,1
"Agriculture_/_Fishing_/_Forestry_Ministry_(Palestinian_Territory,_Occupied)",162,Government,1
Agriculture_/_Fishing_/_Forestry_Ministry_(Senegal),163,Government,1
Agriculture_/_Fishing_/_Forestry_Ministry_(Sierra_Leone),164,Government,1
Agriculture_/_Fishing_/_Forestry_Ministry_(South_Africa),165,Government,1
Agriculture_/_Fishing_/_Forestry_Ministry_(South_Korea),166,Government,1
Agriculture_/_Fishing_/_Forestry_Ministry_(Sudan),167,Government,1
Agriculture_/_Fishing_/_Forestry_Ministry_(United_Kingdom),168,Government,1
Agriculture_/_Fishing_/_Forestry_Ministry_(Vietnam),169,Government,1
Agus_Dwikarna,170,Person,0
Agustín_Rossi,171,Person,0
Ahmad_Chalabi,172,Person,0
Ahmad_Fatfat,173,Person,0
Ahmad_Khalaf_al-Dulaimi,174,Person,0
Ahmad_Majdalani,175,Person,0
Ahmad_Mohamed_Ibrahim,176,Person,0
Ahmad_Muhammad_Ali,177,Person,0
Ahmad_Umar,178,Person,0
Ahmad_Zahid_Hamidi,179,Person,0
Ahmad_Zia_Abdulzai,180,Person,0
Ahmadu_Bello_University,181,Education,6
Ahmadu_Giade,182,Person,0
Ahmed_Abu_Khatallah,183,Person,0
Ahmed_Ezz,184,Person,0
Ahmed_Nejib_Chebbi,185,Person,0
Ahmed_Ould_Teguedi,186,Person,0
Ahmed_Zaki,187,Person,0
Ahmed_bin_Daghr,188,Person,0
Aigars_Kalvitis,189,Person,0
Ainars_Slesers,190,Person,0
Air_Force_(Angola),191,Military,2
Air_Force_(Australia),192,Military,2
Air_Force_(Canada),193,Military,2
Air_Force_(Iran),194,Military,2
Air_Force_(Iraq),195,Military,2
Air_Force_(Jordan),196,Military,2
Air_Force_(Mexico),197,Military,2
Air_Force_(North_Korea),198,Military,2
"Air_Force_(Palestinian_Territory,_Occupied)",199,Military,2
Air_Force_(Portugal),200,Military,2
Air_Force_(Spain),201,Military,2
Air_Force_(Sweden),202,Military,2
Air_Force_(Syria),203,Military,2
Air_Force_(Taiwan),204,Military,2
Air_Force_(Turkey),205,Military,2
Air_Force_(Uganda),206,Military,2
Air_Force_(United_Kingdom),207,Military,2
Air_Force_(Zambia),208,Military,2
Air_Force_Chief_(Iran),209,Military,2
Air_Force_Chief_(South_Korea),210,Military,2
Air_France,211,Person,0
Air_Namibia,212,Person,0
Aircraft_Carrier_(Argentina),213,Person,0
Airline_(Belarus),214,Person,0
Airline_(Bulgaria),215,Person,0
Airline_(Canada),216,Person,0
Airline_(Kenya),217,Person,0
Airline_(Libya),218,Person,0
Airline_(New_Zealand),219,Person,0
Airline_(Poland),220,Person,0
Airline_(South_Korea),221,Person,0
Airline_(Sri_Lanka),222,Person,0
Airman_(Japan),223,Person,0
Aissata_Tall_Sall,224,Person,0
Akali_Leader,225,Person,0
Akhilesh_Yadav,226,Person,0
Akhmatbek_Keldibekov,227,Person,0
Akif_Hamzaçebi,228,Person,0
Akilisi_Pohiva,229,Person,0
Akinori_Eto,230,Person,0
Akitaka_Saiki,231,Person,0
Akja_Nuberdiyeva,232,Person,0
Al-Akhbar,233,Location/Other,8
Al-Azhar_University,234,Education,6
Al-Marada_Movement,235,Political Party,3
Al-Muhtadee_Billah,236,Person,0
Al-Mustaqbal,237,Location/Other,8
Al-Shabaab,238,Military,2
Al_Arabiya,239,Person,0
Al_Gore,240,Person,0
Al_Jazeera,241,Media,7
Al_Sharq_al_Awsat,242,Person,0
Al_Wafa,243,Person,0
Al_Wefaq_National_Islamic_Society,244,Person,0
Alaa_Abdel_Fattah,245,Person,0
Aladdin_Boroujerdi,246,Person,0
Alain_Moka,247,Person,0
Alan_Dershowitz,248,Person,0
Alan_Johnson,249,Person,0
Alan_Peter_Cayetano,250,Person,0
Alan_Wilson,251,Person,0
Albert_Kawana,252,Person,0
Albert_Reynolds,253,Person,0
Alberto_Espina,254,Person,0
Alberto_Fernández,255,Person,0
Alberto_Fujimori,256,Person,0
Aldo_Dell'Ariccia,257,Person,0
Aldo_Giordano,258,Person,0
Alejandro_Collia,259,Person,0
Alejandro_Ordoñez,260,Person,0
Aleksander_Kwasniewski,261,Person,0
Aleksandre_Chikaidze,262,Person,0
Alex_Badeh,263,Person,0
Alex_Lee,264,Person,0
Alex_Salmond,265,Person,0
Alexander_Albertovich_Veshnyakov,266,Person,0
Alexander_Downer,267,Person,0
Alexander_Grushko,268,Person,0
Alexander_Kadakin,269,Person,0
Alexander_Lukashevich,270,Person,0
Alexander_Panin,271,Person,0
Alexander_Stubb,272,Person,0
Alexander_Valterovich_Litvinenko,273,Media,7
Alexander_Vasilyevich_Bortnikov,274,Person,0
Alexander_Vershbow,275,Person,0
Alexei_Miller,276,Person,0
Alexei_Pushkov,277,Person,0
Alexis_Tsipras,278,Person,0
Alfonso_Prat_Gay,279,Person,0
Alfred_Mutua,280,Person,0
Alfred_Romualdez,281,Person,0
Alfredo_Rada,282,Person,0
Algerian_National_Navy,283,Military,2
Algirdas_Butkevičius,284,Person,0
Alhaji_Aliko_Dangote,285,Person,0
Alhaji_Garba_Umar,286,Person,0
Alhaji_Lai_Mohammed,287,Person,0
Ali_Abdullah_Saleh,288,Person,0
Ali_Ahmad_Jalili,289,Person,0
Ali_Al-Za'tari,290,Person,0
Ali_Awad_Asiri,291,Person,0
Ali_Bongo_Ondimba,292,Person,0
Ali_Hassan_Khalil,293,Person,0
Ali_Jannati,294,Person,0
Ali_Ndume,295,Person,0
Ali_Tayyebnia,296,Person,0
Alicia_Castro,297,Person,0
Alicia_Ciciliani,298,Person,0
Alik_L._Alik,299,Person,0
Alireza_Bigdeli,300,Person,0
Aliyu_Mohammed_Gusau,301,Person,0
All_India_Sikh_Students_Federation,302,Person,0
Alleged_Militants_(India),303,Person,0
Alliance_Party_(Italy),304,Political Party,3
Alliance_Party_(Solomon_Islands),305,Political Party,3
Alliance_for_Democracy,306,Person,0
Aloizio_Mercadante,307,Person,0
Alpha_Condé,308,Person,0
Alpha_Group_Commandos,309,Organization,4
Amadou_Toumani_Touré,310,Person,0
Amal_Clooney,311,Person,0
Amal_Movement,312,Political Party,3
Amar_Ghoul,313,Person,0
Amara_Essy,314,Person,0
Amason_Kingi,315,Person,0
Ambrose_Mammadi,316,Person,0
American_Chamber_of_Commerce,317,Person,0
American_Near_East_Refugee_Aid,318,Person,0
American_Popular_Revolutionary_Alliance,319,Person,0
American_Refugee_Committee,320,Organization,4
Amin_Hassan_Omer,321,Person,0
Amin_Makki_Madani,322,Person,0
Amina_Mohamed,323,Person,0
Aminata_Touré,324,Person,0
Amir_Hossain_Amu,325,Person,0
Amir_Syamsuddin,326,Person,0
Amit_Kumar,327,Person,0
Amit_Shah,328,Person,0
Amnesty_International,329,Organization,4
Amr_Mohammed_Moussa,330,Person,0
Amrinder_Singh,331,Person,0
Anabela_Rodrigues,332,Person,0
Anand_Panyarachun,333,Person,0
Anandiben_Patel,334,Person,0
Ananth_Kumar,335,Person,0
Anastasia_Baburova,336,Person,0
Anatoly_Klyan,337,Person,0
Andal_Ampatuan_Sr,338,Person,0
Anders_Borg,339,Person,0
Anders_Breivik,340,Person,0
Andrea_Orlando,341,Person,0
Andrea_Rocchelli,342,Person,0
Andrei_Kelin,343,Person,0
Andrei_Klepach,344,Person,0
Andrei_Stenin,345,Person,0
Andrej_Babis,346,Person,0
Andrej_Kiska,347,Person,0
Andrew_Langa,348,Person,0
Andrew_Robb,349,Person,0
Andrew_Wilkie,350,Person,0
Andris_Piebalgs,351,Person,0
Andris_Vilks,352,Person,0
Andrius_Krivas,353,Person,0
Andrius_Kubilius,354,Person,0
Andriy_Klyuyev,355,Person,0
Ange-Félix_Patassé,356,Person,0
Angel_Aguirre_Rivero,357,Person,0
Angel_Luis_D'Elia,358,Person,0
Angela_Merkel,359,Person,0
Anglican_Communion,360,Political Party,3
Anglican_Communion_News_Service,361,Political Party,3
Angola,362,Location/Other,8
Angolan_Armed_Forces,363,Military,2
Angus_Houston,364,Person,0
Anifah_Aman,365,Person,0
Annick_Girardin,366,Person,0
Anote_Tong,367,Person,0
Anrijs_Matiss,368,Person,0
Ansar_al-Sharia_in_Libya,369,Person,0
Ansar_ash-Shari'a,370,Person,0
Anson_Chan,371,Person,0
Antanas_Valionis,372,Person,0
Ante_Kotromanović,373,Person,0
Ante_Starcevic,374,Person,0
Anthony_Foxx,375,Person,0
Anthony_Garotinho,376,Person,0
Anthony_Martinez,377,Person,0
Anti_Defamation_League,378,Political Party,3
Antonio_Guerrero_Rodríguez,379,Person,0
Antonio_Saca,380,Person,0
Antonio_Tiu,381,Person,0
Antonis_Samaras,382,Person,0
"Antony_Harold_Curties_""Tony""_Windsor",383,Person,0
António_Luís_dos_Santos_da_Costa,384,Person,0
Anupong_Paochinda,385,Person,0
Anwa_Dramat,386,Person,0
Appeals_Court_(Greece),387,Government,1
Appeals_Court_(Malaysia),388,Government,1
Appeals_Court_(Philippines),389,Government,1
Appeals_Court_(South_Korea),390,Government,1
Appeals_Court_(Sudan),391,Government,1
Appeals_Court_(Sweden),392,Government,1
Arab_Israelis,393,Person,0
Aram_Harutyunyan,394,Person,0
Archbishop_(Australia),395,Person,0
Archbishop_(Brazil),396,Person,0
Archbishop_(Central_African_Republic),397,Person,0
Archbishop_(Chile),398,Person,0
Archbishop_(Germany),399,Person,0
Archbishop_(India),400,Person,0
Archbishop_(Italy),401,Person,0
Archbishop_(Paraguay),402,Person,0
Archbishop_(Senegal),403,Person,0
Archbishop_(South_Africa),404,Person,0
Archbishop_(Thailand),405,Person,0
Archbishop_(Turkey),406,Person,0
Archdiocese_(Kenya),407,Person,0
Argentine_Episcopal_Conference,408,Person,0
Argentine_Industrial_Union,409,Political Party,3
Argentine_Naval_Prefecture,410,Person,0
Arif_Alvi,411,Person,0
Aristide_Sokambi,412,Person,0
Aristovoulos_Spiliotopoulos,413,Person,0
Arjun_Singh,414,Person,0
Arkady_Dvorkovich,415,Person,0
Armed_Band_(Afghanistan),416,Person,0
Armed_Band_(Africa),417,Person,0
Armed_Band_(Algeria),418,Person,0
Armed_Band_(Argentina),419,Person,0
Armed_Band_(Benin),420,Person,0
Armed_Band_(Brazil),421,Person,0
Armed_Band_(Central_African_Republic),422,Person,0
Armed_Band_(Democratic_Republic_of_Congo),423,Person,0
Armed_Band_(Guinea),424,Person,0
Armed_Band_(India),425,Person,0
Armed_Band_(Iran),426,Person,0
Armed_Band_(Jordan),427,Person,0
Armed_Band_(Lebanon),428,Person,0
Armed_Band_(Middle_East),429,Person,0
"Armed_Band_(Palestinian_Territory,_Occupied)",430,Person,0
Armed_Band_(Philippines),431,Person,0
Armed_Band_(Somalia),432,Person,0
Armed_Band_(South_Africa),433,Person,0
Armed_Band_(South_Sudan),434,Person,0
Armed_Band_(Syria),435,Person,0
Armed_Band_(Syrian_Kurds),436,Person,0
Armed_Band_(Tunisia),437,Person,0
Armed_Band_(Uganda),438,Person,0
Armed_Force_(El_Salvador),439,Military,2
Armed_Force_(Russia),440,Military,2
Armed_Forces_of_Sao_Tome_and_Principe,441,Military,2
Armed_Forces_of_the_Republic_of_Armenia,442,Military,2
Armed_Gang_(Afghanistan),443,Person,0
Armed_Gang_(Al_Qaeda),444,Person,0
Armed_Gang_(Benin),445,Person,0
Armed_Gang_(Denmark),446,Person,0
Armed_Gang_(Djibouti),447,Person,0
Armed_Gang_(Egypt),448,Person,0
Armed_Gang_(Fula_people),449,Person,0
Armed_Gang_(Hashid_Tribe),450,Person,0
Armed_Gang_(India),451,Person,0
Armed_Gang_(Jamaica),452,Person,0
Armed_Gang_(Lebanon),453,Person,0
Armed_Gang_(Libya),454,Person,0
Armed_Gang_(Mexico),455,Person,0
Armed_Gang_(Muslim_Brotherhood),456,Person,0
"Armed_Gang_(Palestinian_Territory,_Occupied)",457,Person,0
Armed_Gang_(Peru),458,Person,0
Armed_Gang_(Portugal),459,Person,0
Armed_Gang_(RENAMO),460,Person,0
Armed_Gang_(Russia),461,Person,0
Armed_Gang_(Saudi_Arabia),462,Person,0
Armed_Gang_(Singapore),463,Person,0
Armed_Gang_(Somalia),464,Person,0
Armed_Gang_(Switzerland),465,Person,0
Armed_Gang_(Syria),466,Person,0
Armed_Gang_(Thailand),467,Person,0
Armed_Gang_(Turkish_Kurds),468,Person,0
Armed_Gang_(United_Arab_Emirates),469,Person,0
Armed_Gang_(United_Kingdom),470,Person,0
Armed_Gang_(United_States),471,Person,0
Armed_Insurgent_(Syria),472,Military,2
Armed_Opposition_(Central_African_Republic),473,Person,0
Armed_Opposition_(India),474,Person,0
Armed_Opposition_(Iran),475,Person,0
Armed_Opposition_(Jamaica),476,Person,0
Armed_Opposition_(Lebanon),477,Person,0
Armed_Opposition_(Nigeria),478,Person,0
Armed_Opposition_(Sudan),479,Person,0
Armed_Opposition_(Thailand),480,Person,0
Armed_Opposition_(Turkey),481,Person,0
Armed_Opposition_(Uganda),482,Person,0
Armed_Rebel_(Afghanistan),483,Military,2
Armed_Rebel_(Boko_Haram),484,Military,2
Armed_Rebel_(Democratic_Republic_of_Congo),485,Military,2
Armed_Rebel_(Ireland),486,Military,2
Armed_Rebel_(Lebanon),487,Military,2
Armed_Rebel_(Lord's_Resistance_Army),488,Military,2
Armed_Rebel_(Mali),489,Military,2
Armed_Rebel_(Mozambique),490,Military,2
Armed_Rebel_(National_Socialist_Council_of_Nagaland),491,Military,2
Armed_Rebel_(Naxali),492,Military,2
Armed_Rebel_(Nigeria),493,Military,2
Armed_Rebel_(Pakistan),494,Military,2
Armed_Rebel_(Paraguay),495,Military,2
Armed_Rebel_(Somalia),496,Military,2
Armed_Rebel_(Syria),497,Military,2
Armed_Rebel_(Tripura_National_Liberation_Front),498,Military,2
Armed_Rebel_(Tuareg_people),499,Military,2
Armed_Rebel_(Turkish_Kurds),500,Military,2
Armed_Rebel_(Ukraine),501,Military,2
Armed_Rebel_(United_Kingdom),502,Military,2
Armed_Rebel_(Yemen),503,Military,2
Armed_Rebel_(Zimbabwe),504,Military,2
Armed_Separatist_(China),505,Person,0
Armed_Separatist_(National_Liberation_Front),506,Political Party,3
Armed_Separatist_(Xinjiang Uyghur),507,Person,0
Armed_Services_Deserter_(Gambia),508,Person,0
Armenia,509,Location/Other,8
Armenian_Army,510,Military,2
Armenian_Revolutionary_Federation,511,Person,0
Armenpress,512,Media,7
Arminio_Fraga,513,Person,0
Army_Chief_of_General_Staff,514,Military,2
Army_Chief_of_Staff_(Tunisia),515,Military,2
Army_Chief_of_Staff_(United_States),516,Military,2
Army_Intelligence_(Colombia),517,Military,2
Army_Intelligence_(Nigeria),518,Military,2
Army_National_Guard_(Afghanistan),519,Military,2
Army_National_Guard_(Bahrain),520,Military,2
Army_National_Guard_(Lithuania),521,Military,2
Army_National_Guard_(United_States),522,Military,2
Army_National_Guard_(Venezuela),523,Military,2
Army_Personnel_(Argentina),524,Military,2
Army_Personnel_(Egypt),525,Military,2
Army_Personnel_(Hungary),526,Military,2
Army_Personnel_(Libya),527,Military,2
Army_Personnel_(Lithuania),528,Military,2
Army_Personnel_(Nepal),529,Military,2
Army_Personnel_(Philippines),530,Military,2
Army_Personnel_(Rwanda),531,Military,2
Army_Personnel_(Zimbabwe),532,Military,2
Arnaud_Montebourg,533,Person,0
Arnold_Rüütel,534,Person,0
Aronda_Nyakairima,535,Person,0
Arsen_Avakov,536,Person,0
Arseniy_Yatsenyuk,537,Person,0
Arthit_Ourairat,538,Person,0
Arturas_Paulauskas,539,Person,0
Arvydas_Pocius,540,Person,0
As'ad_Mustafa,541,Person,0
Asad_Umar,542,Person,0
Asang_Laol,543,Person,0
Ashok_Kumar,544,Person,0
Ashraf_Ghani_Ahmadzai,545,Person,0
Ashraf_al-Qudra,546,Person,0
Asim_Bajwa,547,Person,0
Asli_Aydintasbas,548,Person,0
Asma_Jahangir,549,Person,0
Assemblies_(Armenia),550,Person,0
Assemblies_(Burkina_Faso),551,Person,0
Assemblies_(Cameroon),552,Person,0
Assemblies_(Ecuador),553,Person,0
Assemblies_(France),554,Person,0
Assemblies_(India),555,Person,0
Assemblies_(Kuwait),556,Person,0
Assemblies_(Mozambique),557,Person,0
Assemblies_(Nigeria),558,Person,0
Assemblies_(Pakistan),559,Person,0
Assemblies_(Serbia),560,Person,0
Assemblies_(Slovenia),561,Person,0
Assemblies_(Zambia),562,Person,0
Assembly_of_First_Nations,563,Person,0
Assembly_of_the_Union_(Myanmar),564,Political Party,3
Associate_Justice_(Philippines),565,Person,0
Associated_Press,566,Media,7
Association_of_Southeast_Asian_Nations,567,Organization,4
Asylum_Seeker_(Africa),568,Person,0
Asylum_Seeker_(Chile),569,Person,0
Asylum_Seeker_(Czech_Republic),570,Person,0
Asylum_Seeker_(Indonesia),571,Person,0
Asylum_Seeker_(Iran),572,Person,0
Asylum_Seeker_(Kenya),573,Person,0
Asylum_Seeker_(Nauru),574,Person,0
Asylum_Seeker_(South_Africa),575,Person,0
Asylum_Seeker_(Sudan),576,Person,0
Asylum_Seeker_(Sweden),577,Person,0
Asylum_Seeker_(Vietnam),578,Person,0
Atef_Ebeid,579,Person,0
Atef_Tarawneh,580,Person,0
Atkins,581,Location/Other,8
Attack_Craft_(Poland),582,Person,0
Attack_Craft_(Sudan),583,Person,0
Attack_Craft_(United_Kingdom),584,Person,0
Attack_Craft_(United_States),585,Person,0
Attack_Helicopter_(Russia),586,Person,0
Attacker_(Afghanistan),587,Person,0
Attacker_(Al-Shabaab),588,Person,0
Attacker_(Al_Qaeda),589,Person,0
Attacker_(Benin),590,Person,0
Attacker_(Bolivia),591,Person,0
Attacker_(Colombia),592,Person,0
Attacker_(Croatia),593,Person,0
Attacker_(Democratic_Republic_of_Congo),594,Person,0
Attacker_(Germany),595,Person,0
Attacker_(Indonesia),596,Person,0
Attacker_(Jordan),597,Person,0
Attacker_(Lebanon),598,Person,0
Attacker_(Libya),599,Person,0
Attacker_(Lithuania),600,Person,0
Attacker_(Mali),601,Person,0
Attacker_(Moldova),602,Person,0
Attacker_(Niger),603,Person,0
"Attacker_(Palestinian_Territory,_Occupied)",604,Person,0
Attacker_(Saudi_Arabia),605,Person,0
Attacker_(Tajikistan),606,Person,0
Attacker_(Tanzania),607,Person,0
Attacker_(Tunisia),608,Person,0
Attacker_(Turkey),609,Person,0
Attacker_(United_Kingdom),610,Person,0
Attacker_(Venezuela),611,Person,0
Attacker_(Xinjiang Uyghur),612,Person,0
Attahiru_Dalhatu_Bafarawa,613,Person,0
Attila_Korodi,614,Person,0
Attorney_General_(Afghanistan),615,Military,2
Attorney_General_(Angola),616,Military,2
Attorney_General_(Argentina),617,Military,2
Attorney_General_(Azerbaijan),618,Military,2
Attorney_General_(Benin),619,Military,2
Attorney_General_(Canada),620,Military,2
Attorney_General_(Colombia),621,Military,2
Attorney_General_(Cyprus),622,Military,2
Attorney_General_(Egypt),623,Military,2
Attorney_General_(Georgia),624,Military,2
Attorney_General_(Guatemala),625,Military,2
Attorney_General_(Kuwait),626,Military,2
Attorney_General_(Papua_New_Guinea),627,Military,2
Attorney_General_(Russia),628,Military,2
Attorney_General_(Switzerland),629,Military,2
Attorney_General_(Thailand),630,Military,2
Attorney_General_(Uganda),631,Military,2
Audu_Innocent_Ogbeh,632,Person,0
Augustin_Matata_Ponyo,633,Person,0
Augustin_Tine,634,Person,0
Augustine_Alegeh,635,Person,0
Augustine_Chihuri,636,Person,0
Augustine_Ngafuan,637,Person,0
Augusto_Barrera,638,Person,0
Augusto_Pinochet,639,Person,0
Augusts_Brigmanis,640,Person,0
Aun_Porn_Moniroth,641,Person,0
Aung_Min,642,Person,0
Aung_Thaung,643,Person,0
Aurelio_Baladad,644,Person,0
Australia_Greens,645,Person,0
Austria_Press_Agency,646,Media,7
Avtar_Singh,647,Person,0
AvtoVAZ,648,Location/Other,8
Awami_(People's)_League,649,Political Party,3
Awá,650,Location/Other,8
Axel_Kicillof,651,Person,0
Ayatollah_Seyyed_Ahmad_Alamolhoda,652,Person,0
Ayman_Farid_Abu-Hadid,653,Person,0
Ayman_al-Zawahri,654,Person,0
Ayo_Adebanjo,655,Person,0
Ayodeji_Daramola,656,Person,0
Azam_Khan,657,Person,0
Aziz_Akhennouch,658,Person,0
Azores,659,Location/Other,8
Azubuike_Ihejirika,660,Person,0
Aïchatou_Mindaoudou_Souleymane,661,Person,0
Babacar_Gaye,662,Person,0
Babbar_Khalsa,663,Person,0
Babu_Lal_Nagar,664,Person,0
Bachana_Akhalaia,665,Person,0
Baghdadi_Ali_Mahmudi,666,Person,0
Bahamas,667,Location/Other,8
Bahia_Hariri,668,Person,0
Bahrain,669,Location/Other,8
Bakir_Izetbegović,670,Person,0
Bala_Abdulkadir_Mohammed,671,Person,0
Bala_Garba-Jahumpa,672,Person,0
Bala_Ngilari,673,Person,0
Balarabe_Musa,674,Person,0
Baldev_Singh,675,Person,0
Baljinder_Singh,676,Person,0
Balwinder_Singh,677,Person,0
Bam_Dev_Gautam,678,Person,0
Bandar_bin_Sultan,679,Person,0
Bangladesh_Nationalist_Party,680,Political Party,3
Banharn_Silpa-archa,681,Person,0
Bank_(Albania),682,Business,5
Bank_(Angola),683,Business,5
Bank_(Austria),684,Business,5
Bank_(Bulgaria),685,Business,5
Bank_(Canada),686,Business,5
Bank_(China),687,Business,5
Bank_(Cyprus),688,Business,5
Bank_(Egypt),689,Business,5
Bank_(France),690,Business,5
Bank_(Greece),691,Business,5
Bank_(Holy_See_(Vatican_City_State)),692,Business,5
Bank_(Iceland),693,Business,5
Bank_(Iran),694,Business,5
Bank_(Iraq),695,Business,5
Bank_(Jordan),696,Business,5
Bank_(Lebanon),697,Business,5
Bank_(Namibia),698,Business,5
Bank_(Netherlands),699,Business,5
Bank_(North_Korea),700,Business,5
Bank_(Poland),701,Business,5
Bank_(Romania),702,Business,5
Bank_(South_Africa),703,Business,5
Bank_(Tajikistan),704,Business,5
Bank_(Venezuela),705,Business,5
Bank_(Yemen),706,Business,5
Bank_(Zambia),707,Business,5
Bank_(Zimbabwe),708,Business,5
Bank_of_Uganda,709,Business,5
Banque_du_Liban,710,Person,0
Barack_Obama,711,Person,0
Barclays_PLC,712,Person,0
Barisan_Revolusi_Nasional,713,Person,0
Barnaba_Marial_Benjamin,714,Person,0
Barnaby_Joyce,715,Person,0
Baron_Waqa,716,Person,0
Barre_Adan_Shire_Hiiraale,717,Person,0
Barry_McCaffrey,718,Person,0
Basdeo_Panday,719,Person,0
Bashishtha_Narayan_Singh,720,Person,0
Basile_Ikouebe,721,Person,0
Basque_Nationalist_Party,722,Political Party,3
Bathabile_Dlamini,723,Person,0
Behrouz_Kamalvandi,724,Person,0
Beja_Congress,725,Person,0
Believer_(China),726,Person,0
Believer_(Philippines),727,Person,0
Belize,728,Location/Other,8
Benazir_Bhutto,729,Person,0
Benedict_XVI,730,Person,0
Benjamin_Abalos,731,Person,0
Benjamin_Martins,732,Person,0
Benjamin_Netanyahu,733,Person,0
Benjamin_William_Mkapa,734,Person,0
Benny_Gantz,735,Person,0
Berislav_Rončević,736,Person,0
Berkin_Elvan,737,Person,0
Bernadette_Meehan,738,Person,0
Bernardino_Leon,739,Person,0
Bernd_Lange,740,Person,0
Bertie_Ahern,741,Person,0
Bhaskar_Reddy,742,Person,0
Bhim_Singh,743,Person,0
Bhinderjit_Singh,744,Person,0
Bhupinder_Singh_Hooda,745,Person,0
Bhutan,746,Location/Other,8
Bill_Blair,747,Person,0
Bill_English,748,Person,0
Bill_Haslam,749,Person,0
Bill_Richardson,750,Person,0
Binyamin_Ben-Eliezer,751,Person,0
Bishop_(Angola),752,Person,0
Bishop_(Benin),753,Person,0
Bishop_(Bosnia_and_Herzegovina),754,Person,0
Bishop_(Dominican_Republic),755,Person,0
Bishop_(Germany),756,Person,0
Bishop_(India),757,Person,0
Bishop_(Malawi),758,Person,0
Bishop_(Nigeria),759,Person,0
Bishop_(North_Korea),760,Person,0
Bishop_(South_Africa),761,Person,0
Bishop_(South_Sudan),762,Person,0
Bishop_(Sudan),763,Person,0
Bishop_(Uganda),764,Person,0
Bishop_(United_Kingdom),765,Person,0
Bismillah_Khan_Mohammadi,766,Person,0
Blogger_(Australia),767,Person,0
Blogger_(China),768,Person,0
Blogger_(Iran),769,Person,0
Blogger_(Nigeria),770,Person,0
Blogger_(Sudan),771,Person,0
Blogger_(Uganda),772,Person,0
Bob_Hawke,773,Person,0
Bob_Paulson,774,Person,0
Boediono,775,Location/Other,8
Boko_Haram,776,Military,2
Bola_Ajibola,777,Person,0
Bolivarian_National_Guard,778,Person,0
Bolivia,779,Location/Other,8
Border_Security_Force,780,Military,2
Boris_Abramovich_Berezovsky,781,Person,0
Boris_Johnson,782,Person,0
Borys_Kolesnikov,783,Person,0
Bothaina_Kamel,784,Person,0
Botswana,785,Location/Other,8
Boy_Rafli_Amar,786,Person,0
Brad_Adams,787,Person,0
Bradesco,788,Location/Other,8
Brahmin_(India),789,Person,0
Branimir_Glavas,790,Person,0
Branko_Grcic,791,Person,0
Brasseries_du_Cameroun,792,Person,0
Bratislav_Gasic,793,Person,0
Brownie_Samukai,794,Person,0
Bruce_George,795,Person,0
Buba_Galadima,796,Person,0
Buddhist_(Cambodia),797,Person,0
Buddhist_(Indonesia),798,Person,0
Buddhist_(Iran),799,Person,0
Buddhist_(Sri_Lanka),800,Person,0
Bukola_Saraki,801,Person,0
Bulgarian_National_Radio,802,Person,0
Bureaucrat_(Australia),803,Person,0
Bureaucrat_(India),804,Person,0
Bureaucrat_(Turkey),805,Person,0
Burundi,806,Location/Other,8
Business_(Africa),807,Person,0
Business_(Algeria),808,Person,0
Business_(Austria),809,Person,0
Business_(Bahrain),810,Person,0
Business_(Bangladesh),811,Person,0
Business_(Belarus),812,Person,0
Business_(Belgium),813,Person,0
Business_(Bosnia_and_Herzegovina),814,Person,0
Business_(Botswana),815,Person,0
Business_(Bulgaria),816,Person,0
Business_(Cameroon),817,Person,0
Business_(Canada),818,Person,0
Business_(Cote_d'Ivoire),819,Person,0
Business_(Croatia),820,Person,0
Business_(Cuba),821,Person,0
Business_(Cyprus),822,Person,0
Business_(Democratic_Republic_of_Congo),823,Person,0
Business_(Gabon),824,Person,0
Business_(Georgia),825,Person,0
Business_(Ghana),826,Person,0
Business_(Hungary),827,Person,0
Business_(Indonesia),828,Person,0
Business_(Iran),829,Person,0
Business_(Iraq),830,Person,0
Business_(Jordan),831,Person,0
Business_(Kazakhstan),832,Person,0
Business_(Lebanon),833,Person,0
Business_(Lithuania),834,Person,0
Business_(Malawi),835,Person,0
Business_(Mozambique),836,Person,0
Business_(Netherlands),837,Person,0
Business_(New_Zealand),838,Person,0
Business_(North_Korea),839,Person,0
Business_(Norway),840,Person,0
Business_(Panama),841,Person,0
Business_(Paraguay),842,Person,0
Business_(Peru),843,Person,0
Business_(Poland),844,Person,0
Business_(Portugal),845,Person,0
Business_(Russia),846,Person,0
Business_(South_Korea),847,Person,0
Business_(Sweden),848,Person,0
Business_(Taiwan),849,Person,0
Business_(Tanzania),850,Person,0
Business_(Tonga),851,Person,0
Business_(Tunisia),852,Person,0
Business_(Uruguay),853,Person,0
Business_(Zimbabwe),854,Person,0
Businessperson_(Africa),855,Person,0
Businessperson_(Australia),856,Person,0
Businessperson_(Belarus),857,Person,0
Businessperson_(Brazil),858,Person,0
Businessperson_(Canada),859,Person,0
Businessperson_(China),860,Person,0
Businessperson_(Czech_Republic),861,Person,0
Businessperson_(France),862,Person,0
Businessperson_(Germany),863,Person,0
Businessperson_(Indonesia),864,Person,0
Businessperson_(Italy),865,Person,0
Businessperson_(Jamaica),866,Person,0
Businessperson_(Kenya),867,Person,0
Businessperson_(Malaysia),868,Person,0
Businessperson_(Mauritania),869,Person,0
Businessperson_(Mozambique),870,Person,0
Businessperson_(Pakistan),871,Person,0
Businessperson_(Peru),872,Person,0
Businessperson_(Philippines),873,Person,0
Businessperson_(Poland),874,Person,0
Businessperson_(Somalia),875,Person,0
Businessperson_(South_Africa),876,Person,0
Businessperson_(Taiwan),877,Person,0
Businessperson_(Tanzania),878,Person,0
Businessperson_(Tunisia),879,Person,0
Businessperson_(Turkey),880,Person,0
Businessperson_(Uganda),881,Person,0
Businessperson_(United_Kingdom),882,Person,0
Businessperson_(United_States),883,Person,0
Businessperson_(Uzbekistan),884,Person,0
Børge_Brende,885,Person,0
C.S._Singh,886,Person,0
CITIC_Group,887,Organization,4
CPI,888,Location/Other,8
Cabinet_/_Council_of_Ministers_/_Advisors_(Angola),889,Government,1
Cabinet_/_Council_of_Ministers_/_Advisors_(Australia),890,Government,1
Cabinet_/_Council_of_Ministers_/_Advisors_(Belarus),891,Government,1
Cabinet_/_Council_of_Ministers_/_Advisors_(Belgium),892,Government,1
Cabinet_/_Council_of_Ministers_/_Advisors_(Benin),893,Government,1
Cabinet_/_Council_of_Ministers_/_Advisors_(Bolivia),894,Government,1
Cabinet_/_Council_of_Ministers_/_Advisors_(Cuba),895,Government,1
Cabinet_/_Council_of_Ministers_/_Advisors_(Cyprus),896,Government,1
Cabinet_/_Council_of_Ministers_/_Advisors_(Democratic_Republic_of_Congo),897,Government,1
Cabinet_/_Council_of_Ministers_/_Advisors_(Fiji),898,Government,1
Cabinet_/_Council_of_Ministers_/_Advisors_(Germany),899,Government,1
Cabinet_/_Council_of_Ministers_/_Advisors_(Greece),900,Government,1
Cabinet_/_Council_of_Ministers_/_Advisors_(Haiti),901,Government,1
Cabinet_/_Council_of_Ministers_/_Advisors_(Holy_See_(Vatican_City_State)),902,Government,1
Cabinet_/_Council_of_Ministers_/_Advisors_(Hungary),903,Government,1
Cabinet_/_Council_of_Ministers_/_Advisors_(Indonesia),904,Government,1
Cabinet_/_Council_of_Ministers_/_Advisors_(Israel),905,Government,1
Cabinet_/_Council_of_Ministers_/_Advisors_(Japan),906,Government,1
Cabinet_/_Council_of_Ministers_/_Advisors_(Jordan),907,Government,1
Cabinet_/_Council_of_Ministers_/_Advisors_(Kazakhstan),908,Government,1
Cabinet_/_Council_of_Ministers_/_Advisors_(Libya),909,Government,1
Cabinet_/_Council_of_Ministers_/_Advisors_(Maldives),910,Government,1
Cabinet_/_Council_of_Ministers_/_Advisors_(Nepal),911,Government,1
Cabinet_/_Council_of_Ministers_/_Advisors_(Panama),912,Government,1
Cabinet_/_Council_of_Ministers_/_Advisors_(Paraguay),913,Government,1
Cabinet_/_Council_of_Ministers_/_Advisors_(Senegal),914,Government,1
Cabinet_/_Council_of_Ministers_/_Advisors_(Somalia),915,Government,1
Cabinet_/_Council_of_Ministers_/_Advisors_(Sudan),916,Government,1
Cabinet_/_Council_of_Ministers_/_Advisors_(Thailand),917,Government,1
Cabinet_/_Council_of_Ministers_/_Advisors_(Tunisia),918,Government,1
Cabinet_/_Council_of_Ministers_/_Advisors_(Turkmenistan),919,Government,1
Cabinet_/_Council_of_Ministers_/_Advisors_(United_States),920,Government,1
Cabinet_/_Council_of_Ministers_/_Advisors_(Yemen),921,Government,1
Cable_News_Network,922,Media,7
Cairo_University,923,Education,6
Caitlin_Hayden,924,Person,0
Cambodia,925,Location/Other,8
Cameron_Slater,926,Person,0
Cameroon,927,Location/Other,8
Campbell_Newman,928,Person,0
Canada,929,Location/Other,8
Canadian_Armed_Forces,930,Military,2
Canadian_Broadcasting_Corporation,931,Business,5
Canadian_Manufacturers_&_Exporters,932,Person,0
Canadian_Security_Intelligence_Service,933,Person,0
Cao_Duc_Phat,934,Person,0
Cape_Verde,935,Person,0
Caribbean_Airlines_Limited,936,Business,5
Caribbean_Community,937,Person,0
Carlo_Calenda,938,Person,0
Carlos_Alberto_Libanio_Christo,939,Person,0
Carlos_Alberto_Reutemann,940,Person,0
Carlos_Carrascosa,941,Person,0
Carlos_Cerda,942,Person,0
Carlos_Kuschel_Silva,943,Person,0
Carlos_M._Hernández_López,944,Person,0
Carlos_Mesa,945,Person,0
Carlos_Pascual,946,Person,0
Carlos_Raúl_Morales,947,Person,0
Carlos_Saul_Menem,948,Person,0
Carlos_Álvarez,949,Person,0
Carnegie_Endowment_for_International_Peace,950,Person,0
Caroline_Kennedy,951,Person,0
Caroline_Nzibe,952,Person,0
Carolyn_Rodrigues,953,Person,0
Carrie_Lam,954,Person,0
Casimir_Marie_Ange_Oyé-Mba,955,Person,0
Catherine_Ashton,956,Person,0
Catholic_Bishop_(Romania),957,Person,0
Catholic_Missionaries_(Poland),958,Person,0
Catholic_Priest_(France),959,Person,0
Catholic_Priest_(Nigeria),960,Person,0
Cayman_Islands,961,Person,0
Celso_de_Mello,962,Person,0
Cemex,963,Location/Other,8
Cenaida_Uribe,964,Person,0
Center_for_Strategic_and_International_Studies,965,Person,0
Central_Bank,966,Business,5
Central_Bank_(Albania),967,Business,5
Central_Bank_(Australia),968,Business,5
Central_Bank_(Russia),969,Business,5
Central_Bank_(South_Africa),970,Business,5
Central_Bank_of_Liberia,971,Business,5
Central_Bank_of_Libya,972,Business,5
Central_Bank_of_Russia,973,Business,5
Central_Bank_of_the_Islamic_Republic_of_Iran,974,Business,5
Central_European_University,975,Education,6
Central_Intelligence_Agency,976,Person,0
Central_Military_Commission,977,Government,1
Central_Reserve_Police_Force,978,Military,2
Central_Security_Forces,979,Military,2
Cesar_Gaviria_Trujillo,980,Person,0
Chakma,981,Location/Other,8
Chalerm_Yoobamrung,982,Person,0
Chama_Cha_Uzalendo,983,Person,0
Chamber_of_Industry_and_Commerce,984,Person,0
Chang_Song_Taek,985,Person,0
Chang_Wanquan,986,Person,0
Channel_1,987,Location/Other,8
Channel_One,988,Person,0
Charge_D'affaires_(United_States),989,Person,0
Charis_Georgiadis,990,Person,0
Charles_Chen,991,Person,0
Charles_Koffi_Diby,992,Person,0
Charles_Milupi,993,Person,0
Charles_Ndaxu_Namoloh,994,Person,0
Charles_Taylor,995,Person,0
Charles_de_Gaulle,996,Person,0
Chart_Thai,997,Person,0
Chaturon_Chaisang,998,Person,0
Chaudhry_Nisar_Ali_Khan,999,Person,0
Chavanond_Intarakomalyasut,1000,Person,0
Chee_Soon_Juan,1001,Person,0
Chen_Chao-min,1002,Person,0
Chen_Deming,1003,Person,0
Chen_Guangcheng,1004,Person,0
Chen_Ming-tang,1005,Person,0
Chen_Shui_Bian,1006,Person,0
Chen_Yi-chen,1007,Person,0
Cheng_Guoping,1008,Person,0
Cheng_Yonghua,1009,Person,0
Chevron,1010,Location/Other,8
Chiang_Ching-kuo,1011,Person,0
Chiang_Wei-ling,1012,Person,0
Chibuike_Rotimi_Amaechi,1013,Person,0
Chief_Court_Judge_(Angola),1014,Government,1
Chief_Court_Judge_(Gambia),1015,Government,1
Chief_Court_Judge_(Malaysia),1016,Government,1
Chief_Court_Judge_(Nigeria),1017,Government,1
Chief_Court_Judge_(Tanzania),1018,Government,1
Chief_Court_Judge_(United_States),1019,Government,1
Chief_Court_Judge_(Zambia),1020,Government,1
Chief_Engineer_(Russia),1021,Person,0
Chief_Secretary_Chandra,1022,Person,0
Chief_of_Staff_(Afghan_National_Army),1023,Military,2
Chief_of_Staff_(Afghanistan),1024,Person,0
Chief_of_Staff_(Australia),1025,Person,0
Chief_of_Staff_(Bahrain),1026,Person,0
Chief_of_Staff_(Canada),1027,Person,0
Chief_of_Staff_(Czech_Republic),1028,Person,0
Chief_of_Staff_(French_Air_Force),1029,Military,2
Chief_of_Staff_(Georgian_Armed_Forces),1030,Military,2
Chief_of_Staff_(Iraq),1031,Person,0
Chief_of_Staff_(Qatar),1032,Person,0
Chief_of_Staff_(Sandiganbayan),1033,Person,0
Chief_of_Staff_(Saudi_Arabia),1034,Person,0
Chief_of_Staff_(Tunisia),1035,Person,0
Chief_of_Staff_(Turkey),1036,Person,0
Chief_of_Staff_(Ukraine),1037,Person,0
Chief_of_Staff_(Vietnam),1038,Person,0
Children_(Bahrain),1039,Person,0
Children_(Canada),1040,Person,0
Children_(China),1041,Person,0
Children_(Congo),1042,Person,0
Children_(Estonia),1043,Person,0
Children_(France),1044,Person,0
Children_(Germany),1045,Person,0
Children_(Guinea),1046,Person,0
Children_(Hungary),1047,Person,0
Children_(Iran),1048,Person,0
Children_(Iraq),1049,Person,0
Children_(Israel),1050,Person,0
Children_(Jamaica),1051,Person,0
Children_(Jordan),1052,Person,0
Children_(Libya),1053,Person,0
Children_(Macedonia),1054,Person,0
Children_(Mozambique),1055,Person,0
Children_(Namibia),1056,Person,0
Children_(Nauru),1057,Person,0
Children_(Netherlands),1058,Person,0
Children_(New_Zealand),1059,Person,0
"Children_(Palestinian_Territory,_Occupied)",1060,Person,0
Children_(Philippines),1061,Person,0
Children_(Senegal),1062,Person,0
Children_(Sierra_Leone),1063,Person,0
Children_(South_Sudan),1064,Person,0
Children_(Sri_Lanka),1065,Person,0
Children_(Sudan),1066,Person,0
Children_(Swaziland),1067,Person,0
Children_(Taiwan),1068,Person,0
Children_(Thailand),1069,Person,0
Children_(Uganda),1070,Person,0
Children_(Ukraine),1071,Person,0
Children_(United_Arab_Emirates),1072,Person,0
Children_(Zambia),1073,Person,0
Children_(Zimbabwe),1074,Person,0
Chimaroke_Nnamani,1075,Person,0
Chimed_Saikhanbileg,1076,Person,0
China,1077,Location/Other,8
China_Airlines,1078,Business,5
China_Development_Bank,1079,Business,5
China_National_Petroleum_Corporation,1080,Business,5
Chishimba_Kambwili,1081,Person,0
Chittagong_University,1082,Education,6
Chiz_Escudero,1083,Person,0
Cho_Hyun-ah,1084,Person,0
Cho_Tai-young,1085,Person,0
Chongwadai,1086,Location/Other,8
Chris_Alexander,1087,Person,0
Chris_Bowen,1088,Person,0
Chris_Murphy,1089,Person,0
Chris_Olukolade,1090,Person,0
Chris_Patten,1091,Person,0
Christian_(Africa),1092,Person,0
Christian_(Angola),1093,Person,0
Christian_(Central_African_Republic),1094,Person,0
Christian_(Holy_See_(Vatican_City_State)),1095,Person,0
Christian_(Indonesia),1096,Person,0
Christian_(Kenya),1097,Person,0
Christian_(Latvia),1098,Media,7
Christian_(Pakistan),1099,Person,0
Christian_(Senegal),1100,Person,0
Christian_(Syria),1101,Person,0
Christian_(Thailand),1102,Person,0
Christian_(United_States),1103,Person,0
Christian_Democratic_Movement,1104,Political Party,3
Christian_Democratic_Party_(Slovakia),1105,Political Party,3
Christian_Democratic_Union,1106,Political Party,3
Christian_Missionaries_(Philippines),1107,Person,0
Christian_Noyer,1108,Person,0
Christiana_Anyanwu,1109,Person,0
Christiana_Tah,1110,Person,0
Christine_Milne,1111,Person,0
Christoforos_Fokaides,1112,Person,0
Christoph_Strasser,1113,Person,0
Christopher_Mutsvangwa,1114,Person,0
Chuck_Hagel,1115,Person,0
Chuck_Strahl,1116,Person,0
Chukwudifu_Oputa,1117,Person,0
Chulalongkorn_University,1118,Education,6
Cisse_Lancine,1119,Person,0
Citigroup,1120,Organization,4
Citizen_(Australia),1121,Person,0
Citizen_(Bangladesh),1122,Person,0
Citizen_(Belarus),1123,Person,0
Citizen_(Belgium),1124,Person,0
Citizen_(Benin),1125,Person,0
Citizen_(Bermuda),1126,Person,0
Citizen_(Botswana),1127,Person,0
Citizen_(Brazil),1128,Person,0
Citizen_(Brunei),1129,Person,0
Citizen_(Bulgaria),1130,Person,0
Citizen_(Cape_Verde),1131,Person,0
Citizen_(Chechnya),1132,Person,0
Citizen_(Cote_d'Ivoire),1133,Person,0
Citizen_(Croatia),1134,Person,0
Citizen_(Czech_Republic),1135,Person,0
Citizen_(Denmark),1136,Person,0
Citizen_(Djibouti),1137,Person,0
Citizen_(Georgia),1138,Person,0
Citizen_(Germany),1139,Person,0
Citizen_(Greece),1140,Person,0
Citizen_(Guinea),1141,Person,0
Citizen_(Guinea-Bissau),1142,Person,0
Citizen_(Guyana),1143,Person,0
Citizen_(Hungary),1144,Person,0
Citizen_(India),1145,Person,0
Citizen_(Indonesia),1146,Person,0
Citizen_(International),1147,Person,0
Citizen_(Kenya),1148,Person,0
Citizen_(Kosovo),1149,Person,0
Citizen_(Kyrgyzstan),1150,Person,0
Citizen_(Lesotho),1151,Person,0
Citizen_(Lithuania),1152,Person,0
Citizen_(Macao),1153,Person,0
Citizen_(Malaysia),1154,Person,0
Citizen_(Mali),1155,Person,0
Citizen_(Mauritania),1156,Person,0
Citizen_(Mauritius),1157,Person,0
Citizen_(Mongolia),1158,Person,0
Citizen_(Montenegro),1159,Person,0
Citizen_(Namibia),1160,Person,0
Citizen_(Nigeria),1161,Person,0
Citizen_(North_America),1162,Person,0
Citizen_(North_Korea),1163,Person,0
Citizen_(Northern_Mariana_Islands),1164,Person,0
Citizen_(Norway),1165,Person,0
Citizen_(Oman),1166,Person,0
Citizen_(Saudi_Arabia),1167,Person,0
Citizen_(Seychelles),1168,Person,0
Citizen_(Singapore),1169,Person,0
Citizen_(Slovakia),1170,Person,0
Citizen_(South_Korea),1171,Person,0
Citizen_(Southeast_Asia),1172,Person,0
Citizen_(Sudan),1173,Person,0
Citizen_(Suriname),1174,Person,0
Citizen_(Tanzania),1175,Person,0
Citizen_(Thailand),1176,Person,0
Citizen_(Togo),1177,Person,0
Citizen_(Tonga),1178,Person,0
Citizen_(Turkey),1179,Person,0
Citizen_(Uganda),1180,Person,0
Citizen_(Unidentified_State_Actor),1181,Person,0
Citizen_(United_Arab_Emirates),1182,Person,0
Citizen_(United_Kingdom),1183,Person,0
Citizen_(Vanuatu),1184,Person,0
Citizen_(Venezuela),1185,Person,0
Citizen_(Western_Sahara),1186,Person,0
Citizen_(Xinjiang Uyghur),1187,Person,0
Citizen_(Yemen),1188,Person,0
Citizen_(Zambia),1189,Person,0
City_Manager_(Canada),1190,Person,0
City_Manager_(New_Zealand),1191,Person,0
City_Manager_(United_States),1192,Person,0
City_Mayor_(Argentina),1193,Person,0
City_Mayor_(Bosnia_and_Herzegovina),1194,Person,0
City_Mayor_(Chile),1195,Person,0
City_Mayor_(China),1196,Person,0
City_Mayor_(Colombia),1197,Person,0
City_Mayor_(Costa_Rica),1198,Person,0
City_Mayor_(Croatia),1199,Person,0
City_Mayor_(Djibouti),1200,Person,0
City_Mayor_(El_Salvador),1201,Person,0
City_Mayor_(Greece),1202,Person,0
City_Mayor_(Indonesia),1203,Person,0
City_Mayor_(Iraq),1204,Person,0
City_Mayor_(Italy),1205,Person,0
City_Mayor_(Jordan),1206,Person,0
City_Mayor_(Kosovo),1207,Person,0
City_Mayor_(Latvia),1208,Media,7
City_Mayor_(Lebanon),1209,Person,0
City_Mayor_(Liberia),1210,Person,0
City_Mayor_(Namibia),1211,Person,0
City_Mayor_(Netherlands),1212,Person,0
City_Mayor_(New_Zealand),1213,Person,0
"City_Mayor_(Palestinian_Territory,_Occupied)",1214,Person,0
City_Mayor_(Philippines),1215,Person,0
City_Mayor_(Singapore),1216,Person,0
City_Mayor_(Somalia),1217,Person,0
City_Mayor_(South_Africa),1218,Person,0
City_Mayor_(Spain),1219,Person,0
City_Mayor_(Ukraine),1220,Person,0
City_Mayor_(United_States),1221,Person,0
City_Mayor_(Venezuela),1222,Person,0
City_Mayor_(Zambia),1223,Person,0
Civic_Coalition,1224,Person,0
Civic_Democratic_Party,1225,Political Party,3
Civic_Group_(Afghanistan),1226,Organization,4
Civic_Group_(Africa),1227,Organization,4
Civic_Group_(Argentina),1228,Organization,4
Civic_Group_(Belgium),1229,Organization,4
Civic_Group_(Burundi),1230,Organization,4
Civic_Group_(China),1231,Organization,4
Civic_Group_(Croatia),1232,Organization,4
Civic_Group_(India),1233,Organization,4
Civic_Group_(Iran),1234,Organization,4
Civic_Group_(Kenya),1235,Organization,4
Civic_Group_(Morocco),1236,Organization,4
Civic_Group_(Philippines),1237,Organization,4
Civic_Group_(Taiwan),1238,Organization,4
Civic_Party_(Hungary),1239,Political Party,3
Civic_United_Front,1240,Political Party,3
Civil_Authority_(Philippines),1241,Government,1
Civil_Aviation_Authority,1242,Government,1
Civil_Aviation_Authority_of_the_Philippines,1243,Government,1
Civil_Aviation_Department_(India),1244,Government,1
Civil_Aviation_Department_(Thailand),1245,Government,1
Civil_Guard,1246,Person,0
Civil_Lines,1247,Person,0
Civil_Servant_(Albania),1248,Person,0
Civil_Servant_(Botswana),1249,Person,0
Civil_Servant_(India),1250,Person,0
Civil_Servant_(Kuwait),1251,Person,0
Civil_Servant_(Lebanon),1252,Person,0
Civil_Servant_(Malawi),1253,Person,0
Civil_Servant_(Russia),1254,Person,0
Civil_Servant_(Thailand),1255,Person,0
Civil_Servant_(United_Kingdom),1256,Person,0
Civil_Servant_(Zambia),1257,Person,0
Civil_Servant_(Zimbabwe),1258,Person,0
Civil_Service_(Jordan),1259,Person,0
Civil_Service_(Liberia),1260,Person,0
Civil_Service_(Zambia),1261,Person,0
Claire_McCaskill,1262,Person,0
Clara_López_Obregón,1263,Person,0
Claudio_Lozano,1264,Person,0
Clergy_(Afghanistan),1265,Person,0
Clergy_(Bahrain),1266,Person,0
Clergy_(Holy_See_(Vatican_City_State)),1267,Person,0
Clergy_(Nigeria),1268,Person,0
Clergy_(Pakistan),1269,Person,0
Cleric_(Australia),1270,Person,0
Cleric_(Bahrain),1271,Person,0
Cleric_(Cameroon),1272,Person,0
Cleric_(Iraq),1273,Person,0
Cleric_(Israel),1274,Person,0
Cleric_(Morocco),1275,Person,0
Cleric_(Nigeria),1276,Person,0
Cleric_(Pakistan),1277,Person,0
Clover_Moore,1278,Person,0
Clydesdale_Bank,1279,Business,5
Coalition_of_Opposition_Parties_(Venezuela),1280,Person,0
Coalition_of_the_Radical_Left,1281,Person,0
Cobra_Matata,1282,Person,0
Colombia,1283,Location/Other,8
Colorado_Party_(Uruguay),1284,Political Party,3
Combatant_(Abu_Sayyaf),1285,Person,0
Combatant_(Al-Shabaab),1286,Person,0
Combatant_(Al_Qaeda),1287,Person,0
Combatant_(Australia),1288,Person,0
Combatant_(Bosnia_and_Herzegovina),1289,Person,0
Combatant_(Cameroon),1290,Person,0
Combatant_(Canada),1291,Person,0
Combatant_(Djibouti),1292,Person,0
Combatant_(Egypt),1293,Person,0
Combatant_(Houthis),1294,Person,0
Combatant_(Iranian_Kurds),1295,Person,0
Combatant_(Iraqi_Kurds),1296,Person,0
Combatant_(Islamic_State_of_Iraq_and_the_Levant),1297,Person,0
Combatant_(Israel),1298,Person,0
Combatant_(Izz_ad-Din_al-Qassam_Brigades),1299,Person,0
Combatant_(Jabhat_al-Nusra),1300,Person,0
Combatant_(Justice_and_Equality_Movement),1301,Political Party,3
Combatant_(Kenya),1302,Person,0
Combatant_(Kurdistan_Workers'_Party),1303,Political Party,3
Combatant_(Mali),1304,Person,0
Combatant_(Mexico),1305,Person,0
Combatant_(Middle_East),1306,Person,0
Combatant_(Myanmar),1307,Person,0
Combatant_(Nuer),1308,Person,0
Combatant_(Ogaden_National_Liberation_Front),1309,Political Party,3
Combatant_(Pakistan),1310,Person,0
"Combatant_(Palestinian_Territory,_Occupied)",1311,Person,0
Combatant_(Paraguay),1312,Person,0
Combatant_(People's_Protection_Units),1313,Person,0
Combatant_(Poland),1314,Person,0
Combatant_(Russia),1315,Person,0
Combatant_(Sweden),1316,Person,0
Combatant_(Syrian_Kurds),1317,Person,0
Combatant_(Taliban),1318,Person,0
Combatant_(Toubou_people),1319,Person,0
Combatant_(Turkey),1320,Person,0
Combatant_(Yemen),1321,Person,0
Commando_(Democratic_Republic_of_Congo),1322,Person,0
Commando_(India),1323,Person,0
Commando_(Somalia),1324,Person,0
Commando_(Sri_Lanka),1325,Person,0
Commando_(Syria),1326,Person,0
Commando_(Ukraine),1327,Person,0
Committee_for_State_Security,1328,Organization,4
Commonwealth_Parliamentary_Association,1329,Organization,4
Communist_Party_(Cuba),1330,Political Party,3
Communist_Party_(France),1331,Political Party,3
Communist_Party_(Japan),1332,Political Party,3
Communist_Party_(Russia),1333,Political Party,3
Communist_Party_(Slovakia),1334,Political Party,3
Communist_Party_(South_Africa),1335,Political Party,3
Communist_Party_(Tajikistan),1336,Political Party,3
Communist_Party_UML,1337,Political Party,3
Communist_Party_of_Bohemia_and_Moravia,1338,Political Party,3
Communist_Party_of_India,1339,Political Party,3
Communist_Partysri_Lanka,1340,Political Party,3
Comoros,1341,Location/Other,8
Company_-_Owner_or_Operator_(Algeria),1342,Business,5
Company_-_Owner_or_Operator_(Armenia),1343,Business,5
Company_-_Owner_or_Operator_(Austria),1344,Business,5
Company_-_Owner_or_Operator_(Azerbaijan),1345,Business,5
Company_-_Owner_or_Operator_(Brazil),1346,Business,5
Company_-_Owner_or_Operator_(Canada),1347,Business,5
Company_-_Owner_or_Operator_(Colombia),1348,Business,5
Company_-_Owner_or_Operator_(Egypt),1349,Business,5
Company_-_Owner_or_Operator_(El_Salvador),1350,Business,5
Company_-_Owner_or_Operator_(Ghana),1351,Business,5
Company_-_Owner_or_Operator_(Iceland),1352,Business,5
Company_-_Owner_or_Operator_(India),1353,Business,5
Company_-_Owner_or_Operator_(Iran),1354,Business,5
Company_-_Owner_or_Operator_(Ireland),1355,Business,5
Company_-_Owner_or_Operator_(Israel),1356,Business,5
Company_-_Owner_or_Operator_(Italy),1357,Business,5
Company_-_Owner_or_Operator_(Nepal),1358,Business,5
Company_-_Owner_or_Operator_(Netherlands),1359,Business,5
Company_-_Owner_or_Operator_(Nicaragua),1360,Business,5
Company_-_Owner_or_Operator_(Nigeria),1361,Business,5
Company_-_Owner_or_Operator_(Norway),1362,Business,5
"Company_-_Owner_or_Operator_(Palestinian_Territory,_Occupied)",1363,Business,5
Company_-_Owner_or_Operator_(Peru),1364,Business,5
Company_-_Owner_or_Operator_(Rwanda),1365,Business,5
Company_-_Owner_or_Operator_(Singapore),1366,Business,5
Company_-_Owner_or_Operator_(Slovakia),1367,Business,5
Company_-_Owner_or_Operator_(Thailand),1368,Business,5
Company_-_Owner_or_Operator_(Tonga),1369,Business,5
Company_-_Owner_or_Operator_(Turkey),1370,Business,5
Company_-_Owner_or_Operator_(United_Arab_Emirates),1371,Business,5
Company_-_Owner_or_Operator_(Zambia),1372,Business,5
Conference_of_Nigerian_Political_Parties,1373,Person,0
Confindustria,1374,Location/Other,8
Congo,1375,Location/Other,8
Congolese_National_Police,1376,Military,2
Congress_(Argentina),1377,Person,0
Congress_(Benin),1378,Person,0
Congress_(Brazil),1379,Person,0
Congress_(Cote_d'Ivoire),1380,Person,0
Congress_(Mexico),1381,Person,0
Congress_(Myanmar),1382,Person,0
Congress_(Niger),1383,Person,0
Congress_(Nigeria),1384,Person,0
Congress_(Peru),1385,Person,0
Congress_(Philippines),1386,Person,0
Congress_(Sudan),1387,Person,0
Congress_(Thailand),1388,Person,0
Congress_(United_States),1389,Person,0
Congress_for_Democratic_Change,1390,Person,0
Congress_of_Deputies,1391,Person,0
Congress_of_South_African_Trade_Unions,1392,Political Party,3
Conservative_Party_(Brazil),1393,Political Party,3
Conservative_Party_(Colombia),1394,Political Party,3
Conservative_Party_(United_Kingdom),1395,Political Party,3
Conspiracy_of_Fire_Nuclei,1396,Person,0
Constantin_Nita,1397,Person,0
Constitution_Party,1398,Political Party,3
Constitutional_Court_(Albania),1399,Government,1
Constitutional_Court_(Ecuador),1400,Government,1
Constitutional_Court_(Lithuania),1401,Government,1
Constitutional_Court_(Mozambique),1402,Government,1
Constitutional_Court_(Romania),1403,Government,1
Constitutional_Court_(Slovakia),1404,Government,1
Constitutional_Court_(South_Africa),1405,Government,1
Constitutional_Court_(Syria),1406,Government,1
Constitutional_Court_(Uganda),1407,Government,1
Constitutional_Court_of_South_Africa,1408,Government,1
Constitutional_Court_of_Ukraine,1409,Government,1
Constitutionalist_Liberal_Party,1410,Political Party,3
Consultative_Assembly_of_Oman,1411,Person,0
Convention_People's_Party,1412,Political Party,3
Corneliu_Vadim_Tudor,1413,Person,0
Costco,1414,Location/Other,8
Council_of_Deputies,1415,Organization,4
Council_of_Europe,1416,Organization,4
Council_of_Representatives,1417,Organization,4
Council_of_States,1418,Organization,4
Coup_D'etat_Leader_(Thailand),1419,Person,0
Court_Judge_(Africa),1420,Government,1
Court_Judge_(Bahrain),1421,Government,1
Court_Judge_(Belarus),1422,Government,1
Court_Judge_(Benin),1423,Government,1
Court_Judge_(Botswana),1424,Government,1
Court_Judge_(Ecuador),1425,Government,1
Court_Judge_(Egypt),1426,Government,1
Court_Judge_(Estonia),1427,Government,1
Court_Judge_(Fiji),1428,Government,1
Court_Judge_(Gambia),1429,Government,1
Court_Judge_(Georgia),1430,Government,1
Court_Judge_(Greece),1431,Government,1
Court_Judge_(Holy_See_(Vatican_City_State)),1432,Government,1
Court_Judge_(Honduras),1433,Government,1
Court_Judge_(India),1434,Government,1
Court_Judge_(Iraq),1435,Government,1
Court_Judge_(Kenya),1436,Government,1
Court_Judge_(Kuwait),1437,Government,1
Court_Judge_(Kyrgyzstan),1438,Government,1
Court_Judge_(Lebanon),1439,Government,1
Court_Judge_(Lesotho),1440,Government,1
Court_Judge_(Luxembourg),1441,Government,1
Court_Judge_(Madagascar),1442,Government,1
Court_Judge_(Malaysia),1443,Government,1
Court_Judge_(Mexico),1444,Government,1
Court_Judge_(Namibia),1445,Government,1
Court_Judge_(Nigeria),1446,Government,1
Court_Judge_(Panama),1447,Government,1
Court_Judge_(Peru),1448,Government,1
Court_Judge_(Portugal),1449,Government,1
Court_Judge_(Romania),1450,Government,1
Court_Judge_(Slovakia),1451,Government,1
Court_Judge_(Thailand),1452,Government,1
Court_Judge_(Togo),1453,Government,1
Court_Judge_(Tunisia),1454,Government,1
Court_Judge_(Ukraine),1455,Government,1
Court_Judge_(United_Kingdom),1456,Government,1
Court_Judge_(Venezuela),1457,Government,1
Court_Judge_(Yemen),1458,Government,1
Court_Judge_(Zambia),1459,Government,1
Criminal_(Abu_Sayyaf),1460,Person,0
Criminal_(Africa),1461,Person,0
Criminal_(Albania),1462,Person,0
Criminal_(Argentina),1463,Person,0
Criminal_(Australia),1464,Person,0
Criminal_(Austria),1465,Person,0
Criminal_(Bangladesh),1466,Person,0
Criminal_(Belgium),1467,Person,0
Criminal_(Boko_Haram),1468,Person,0
Criminal_(Brazil),1469,Person,0
Criminal_(Burundi),1470,Person,0
Criminal_(Cambodia),1471,Person,0
Criminal_(Central_African_Republic),1472,Person,0
Criminal_(Costa_Rica),1473,Person,0
Criminal_(Cote_d'Ivoire),1474,Person,0
Criminal_(Cuba),1475,Person,0
Criminal_(Dominican_Republic),1476,Person,0
Criminal_(Egypt),1477,Person,0
Criminal_(El_Salvador),1478,Person,0
Criminal_(Guatemala),1479,Person,0
Criminal_(Guinea),1480,Person,0
Criminal_(Hamas),1481,Person,0
Criminal_(Hell's_Angels),1482,Person,0
Criminal_(Hungary),1483,Person,0
Criminal_(Ireland),1484,Person,0
Criminal_(Islamic_State_of_Iraq_and_the_Levant),1485,Person,0
Criminal_(Israel),1486,Person,0
Criminal_(Italy),1487,Person,0
Criminal_(Jamaica),1488,Person,0
Criminal_(Jordan),1489,Person,0
Criminal_(Kosovo),1490,Person,0
Criminal_(Kuwait),1491,Person,0
Criminal_(Kyrgyzstan),1492,Person,0
Criminal_(Latvia),1493,Media,7
Criminal_(Mali),1494,Person,0
Criminal_(Mauritius),1495,Person,0
Criminal_(Mexico),1496,Person,0
Criminal_(Morocco),1497,Person,0
Criminal_(Netherlands),1498,Person,0
Criminal_(North_Korea),1499,Person,0
Criminal_(Pakistan),1500,Person,0
"Criminal_(Palestinian_Territory,_Occupied)",1501,Person,0
Criminal_(Paraguay),1502,Person,0
Criminal_(Philippines),1503,Person,0
Criminal_(Pokot),1504,Person,0
Criminal_(Portugal),1505,Person,0
Criminal_(Senegal),1506,Person,0
Criminal_(Sinaloa_Cartel),1507,Person,0
Criminal_(Slovakia),1508,Person,0
Criminal_(Somalia),1509,Person,0
Criminal_(South_Asia),1510,Person,0
Criminal_(South_Korea),1511,Person,0
Criminal_(Southeast_Asia),1512,Person,0
Criminal_(Sudan),1513,Person,0
Criminal_(Switzerland),1514,Person,0
Criminal_(Tanzania),1515,Person,0
Criminal_(Togo),1516,Person,0
Criminal_(Trinidad_and_Tobago),1517,Person,0
Criminal_(Tunisia),1518,Person,0
Criminal_(United_Arab_Emirates),1519,Person,0
Criminal_(Venezuela),1520,Person,0
Criminal_(Zambia),1521,Person,0
Criminal_(Zimbabwe),1522,Person,0
Cristina_Fernández_de_Kirchner,1523,Person,0
Croatian_People's_Party_–_Liberal_Democrats,1524,Political Party,3
Cui_Tiankai,1525,Person,0
Curacao,1526,Location/Other,8
Customs_Official_(India),1527,Person,0
Customs_Official_(Indonesia),1528,Person,0
Customs_Official_(Singapore),1529,Person,0
Customs_Official_(South_Korea),1530,Person,0
Customs_Official_(United_Arab_Emirates),1531,Person,0
Cynthia_Ligeard,1532,Person,0
Cyprian_Awiti,1533,Person,0
Cyril_Svoboda,1534,Person,0
César_Villanueva,1535,Person,0
DPWH,1536,Location/Other,8
Daewoo,1537,Location/Other,8
Dahlan_Iskan,1538,Person,0
Daily_Monitor,1539,Person,0
Daily_Trust,1540,Person,0
Dalbir_Singh,1541,Person,0
Dan_Diaconescu,1542,Person,0
Daniel_Abugattás,1543,Person,0
Daniel_Arap_Moi,1544,Person,0
Daniel_Barrera_Barrera,1545,Person,0
Daniel_Bruce_Poneman,1546,Person,0
Daniel_Ceballos,1547,Person,0
Daniel_Chitoiu,1548,Person,0
Daniel_Constantin,1549,Person,0
Daniel_Mitov,1550,Person,0
Daniel_Ortega,1551,Person,0
Daniel_Russel,1552,Person,0
Daniel_Scioli,1553,Person,0
Daniela_Bobeva,1554,Person,0
Danjuma_Goje,1555,Person,0
Darbara_Singh,1556,Person,0
Darrell_Issa,1557,Person,0
Datuk_Mah_Siew_Keong,1558,Person,0
Datuk_Seri_Musa_Aman,1559,Person,0
Datuk_Seri_Tengku_Adnan_Tengku_Mansor,1560,Person,0
Dave_Heineman,1561,Person,0
David_Ben-Gurion,1562,Person,0
David_Blunkett,1563,Person,0
David_Choquehuanca,1564,Person,0
David_Clark,1565,Person,0
David_Crisafulli,1566,Person,0
David_Dondua,1567,Person,0
David_Granger,1568,Person,0
David_Hale,1569,Person,0
David_Hanson,1570,Person,0
David_Jones,1571,Person,0
David_Miliband,1572,Person,0
David_Miller,1573,Person,0
David_N._Dinkins,1574,Person,0
David_Nabarro,1575,Person,0
David_Narmania,1576,Person,0
David_Parirenyatwa,1577,Person,0
David_Sanakoyev,1578,Person,0
David_Satter,1579,Person,0
David_Shear,1580,Person,0
David_Yau-Yau,1581,Person,0
Davies_Ibiamu_Ikanya,1582,Person,0
Davit_Tonoyan,1583,Person,0
Davit_Usupashvili,1584,Person,0
Dawa_Khan_Minapal,1585,Person,0
Deborah_Malac,1586,Person,0
Defector_(Nigeria),1587,Person,0
Defector_(North_Korea),1588,Person,0
Defector_(South_Korea),1589,Person,0
Defector_(Yemen),1590,Person,0
Defense_/_Security_Ministry_(Angola),1591,Government,1
Defense_/_Security_Ministry_(Armenia),1592,Government,1
Defense_/_Security_Ministry_(Azerbaijan),1593,Government,1
Defense_/_Security_Ministry_(Cambodia),1594,Government,1
Defense_/_Security_Ministry_(Chile),1595,Government,1
Defense_/_Security_Ministry_(China),1596,Government,1
Defense_/_Security_Ministry_(Cyprus),1597,Government,1
Defense_/_Security_Ministry_(Czech_Republic),1598,Government,1
Defense_/_Security_Ministry_(Egypt),1599,Government,1
Defense_/_Security_Ministry_(Estonia),1600,Government,1
Defense_/_Security_Ministry_(Fiji),1601,Government,1
Defense_/_Security_Ministry_(Greece),1602,Government,1
Defense_/_Security_Ministry_(India),1603,Government,1
Defense_/_Security_Ministry_(Iraq),1604,Government,1
Defense_/_Security_Ministry_(Italy),1605,Government,1
Defense_/_Security_Ministry_(Kenya),1606,Government,1
Defense_/_Security_Ministry_(Lesotho),1607,Government,1
Defense_/_Security_Ministry_(Liberia),1608,Government,1
Defense_/_Security_Ministry_(Libya),1609,Government,1
Defense_/_Security_Ministry_(Macedonia),1610,Government,1
Defense_/_Security_Ministry_(Malaysia),1611,Government,1
Defense_/_Security_Ministry_(Moldova),1612,Government,1
Defense_/_Security_Ministry_(Myanmar),1613,Government,1
Defense_/_Security_Ministry_(New_Zealand),1614,Government,1
Defense_/_Security_Ministry_(Nigeria),1615,Government,1
Defense_/_Security_Ministry_(North_Korea),1616,Government,1
Defense_/_Security_Ministry_(Persian_Gulf),1617,Government,1
Defense_/_Security_Ministry_(Poland),1618,Government,1
Defense_/_Security_Ministry_(Romania),1619,Government,1
Defense_/_Security_Ministry_(Russia),1620,Government,1
Defense_/_Security_Ministry_(Slovakia),1621,Government,1
Defense_/_Security_Ministry_(South_Africa),1622,Government,1
Defense_/_Security_Ministry_(South_Sudan),1623,Government,1
Defense_/_Security_Ministry_(Spain),1624,Government,1
Defense_/_Security_Ministry_(Ukraine),1625,Government,1
Defense_/_Security_Ministry_(United_States),1626,Government,1
Defense_/_Security_Ministry_(Venezuela),1627,Government,1
Defense_/_Security_Ministry_(Vietnam),1628,Government,1
Defense_/_Security_Ministry_(Yemen),1629,Government,1
Defense_Attorney_(Bahrain),1630,Military,2
Defense_Attorney_(Canada),1631,Military,2
Defense_Attorney_(Czech_Republic),1632,Military,2
Defense_Attorney_(Greece),1633,Military,2
Defense_Attorney_(Iran),1634,Military,2
Defense_Attorney_(Namibia),1635,Military,2
Defense_Attorney_(South_Korea),1636,Military,2
Defense_Industry_(Poland),1637,Military,2
Delyan_Peevski,1638,Person,0
Demeke_Mekonnen,1639,Person,0
Democratic_Force,1640,Military,2
Democratic_Forces_for_the_Liberation_of_Rwanda,1641,Military,2
Democratic_Left,1642,Person,0
Democratic_Party,1643,Political Party,3
Democratic_Party_(Albania),1644,Political Party,3
Democratic_Party_(Argentina),1645,Political Party,3
Democratic_Party_(Benin),1646,Political Party,3
Democratic_Party_(Croatia),1647,Political Party,3
Democratic_Party_(Czech_Republic),1648,Political Party,3
Democratic_Party_(Latvia),1649,Political Party,3
Democratic_Party_(Libya),1650,Political Party,3
Democratic_Party_(Moldova),1651,Political Party,3
Democratic_Party_(Mozambique),1652,Political Party,3
Democratic_Party_(Nigeria),1653,Political Party,3
Democratic_Party_(Serbia),1654,Political Party,3
Democratic_Union_of_Cameroon,1655,Political Party,3
Democratic_Union_of_Hungarians_in_Romania,1656,Political Party,3
Denis_Berezovsky,1657,Person,0
Denis_MacShane,1658,Person,0
Denis_Napthine,1659,Person,0
Department_of_Geologic_Survey_and_its_Mineral_Exploration_(Thailand),1660,Government,1
Department_of_Transportation,1661,Government,1
Department_of_the_Treasury,1662,Government,1
Deputy_Commisioner_Kumar,1663,Person,0
Deputy_Inspector_General_Singh,1664,Person,0
Der_Spiegel,1665,Media,7
Derek_Andre_Hanekom,1666,Person,0
Desiré_Delano_Bouterse,1667,Person,0
Detainee_(Afghanistan),1668,Person,0
Detainee_(Argentina),1669,Person,0
Detainee_(Australia),1670,Person,0
Detainee_(Bahrain),1671,Person,0
Detainee_(Brazil),1672,Person,0
Detainee_(Burundi),1673,Person,0
Detainee_(Cote_d'Ivoire),1674,Person,0
Detainee_(Ethiopia),1675,Person,0
Detainee_(Jamaica),1676,Person,0
Detainee_(Lebanon),1677,Person,0
Detainee_(Myanmar),1678,Person,0
"Detainee_(Palestinian_Territory,_Occupied)",1679,Person,0
Detainee_(Peru),1680,Person,0
Detainee_(Rwanda),1681,Person,0
Detainee_(Saudi_Arabia),1682,Person,0
Detainee_(South_Sudan),1683,Person,0
Detainee_(Tajikistan),1684,Person,0
Detainee_(United_States),1685,Person,0
Detainee_(Venezuela),1686,Person,0
Deval_Patrick,1687,Person,0
Development_Council_(Africa),1688,Government,1
Development_Council_(Nigeria),1689,Government,1
Devlet_Bahçeli,1690,Person,0
Dharam_Singh,1691,Person,0
Dharamvira_Gandhi,1692,Person,0
Dianne_Feinstein,1693,Person,0
Didier_Burkhalter,1694,Person,0
Didmus_Noel_Edwin_Mutasa,1695,Person,0
Die_Linke,1696,Person,0
Diego_García_Sayán,1697,Person,0
Dimeji_Bankole,1698,Business,5
Dimitrios_Avramopoulos,1699,Person,0
Dimitris_Kourkoulas,1700,Person,0
Dimitris_Koutsoumbas,1701,Person,0
Dina_Kawar,1702,Person,0
Dinesh_Sharma,1703,Person,0
Dinesh_Singh,1704,Person,0
Dinh_Tien_Dung,1705,Person,0
Dinka,1706,Location/Other,8
Dino_Bouterse,1707,Person,0
Dino_Melaye,1708,Person,0
Director_General_(Armenia),1709,Military,2
Director_General_(Australia),1710,Military,2
Director_General_(Bahrain),1711,Military,2
Director_General_(Cambodia),1712,Military,2
Director_General_(Cameroon),1713,Military,2
Director_General_(China),1714,Military,2
Director_General_(Ethiopia),1715,Military,2
Director_General_(Haiti),1716,Military,2
Director_General_(Indonesia),1717,Military,2
Director_General_(Lebanon),1718,Military,2
Director_General_(Lithuania),1719,Military,2
Director_General_(North_Korea),1720,Military,2
Director_General_(Pakistan),1721,Military,2
Director_General_(Philippines),1722,Military,2
Director_General_(Russia),1723,Military,2
Director_General_(Rwanda),1724,Military,2
Director_General_(South_Korea),1725,Military,2
Director_General_(Sudan),1726,Military,2
Director_General_(Syria),1727,Military,2
Director_General_(Taiwan),1728,Military,2
Director_General_(Thailand),1729,Military,2
Director_General_(United_Kingdom),1730,Military,2
Director_General_(United_States),1731,Military,2
Director_General_(Zambia),1732,Military,2
Displaced_Families_(Iraq),1733,Person,0
Displaced_Families_(Pakistan),1734,Person,0
Displaced_Families_(South_Sudan),1735,Person,0
Displaced_Families_(Sudan),1736,Person,0
Displaced_Families_(Syria),1737,Person,0
Displaced_Families_(Ukraine),1738,Person,0
Displaced_Families_(Yemen),1739,Person,0
Dissident_(Azerbaijan),1740,Person,0
Dissident_(Bolivia),1741,Person,0
Dissident_(China),1742,Person,0
Dissident_(Iran),1743,Person,0
Dissident_(Turkey),1744,Person,0
Dissident_(Vietnam),1745,Person,0
District_Commissioner_(Botswana),1746,Government,1
District_Commissioner_(Malawi),1747,Government,1
District_Commissioner_(Tanzania),1748,Government,1
District_Commissioner_(Zambia),1749,Government,1
District_Commissioner_R._Singh,1750,Government,1
Djibouti,1751,Location/Other,8
Djoko_Suyanto,1752,Person,0
Djoomart_Otorbaev,1753,Person,0
Dmitriy_Kiselev,1754,Person,0
Dmitry_Anatolyevich_Medvedev,1755,Person,0
Dmitry_Livanov,1756,Person,0
Dmitry_Mezentsev,1757,Person,0
Dmitry_Nikolayevich_Kozak,1758,Person,0
Dmitry_Olegovich_Rogozin,1759,Person,0
Dmytro_Bulatov,1760,Person,0
Dmytro_Firtash,1761,Person,0
Doctors_Without_Borders,1762,Organization,4
Doku_Khamatovich_Umarov,1763,Person,0
Domestic_Affairs_(Albania),1764,Person,0
Domestic_Affairs_(Algeria),1765,Person,0
Domestic_Affairs_(Angola),1766,Person,0
Domestic_Affairs_(Australia),1767,Person,0
Domestic_Affairs_(Austria),1768,Person,0
Domestic_Affairs_(Chile),1769,Person,0
Domestic_Affairs_(Colombia),1770,Person,0
Domestic_Affairs_(Cote_d'Ivoire),1771,Person,0
Domestic_Affairs_(Croatia),1772,Person,0
Domestic_Affairs_(Ecuador),1773,Person,0
Domestic_Affairs_(France),1774,Person,0
Domestic_Affairs_(Germany),1775,Person,0
Domestic_Affairs_(Greece),1776,Person,0
Domestic_Affairs_(Indonesia),1777,Person,0
Domestic_Affairs_(Kenya),1778,Person,0
Domestic_Affairs_(Lebanon),1779,Person,0
Domestic_Affairs_(Malawi),1780,Person,0
Domestic_Affairs_(Mauritania),1781,Person,0
Domestic_Affairs_(Nigeria),1782,Person,0
Domestic_Affairs_(Panama),1783,Person,0
Domestic_Affairs_(Peru),1784,Person,0
Domestic_Affairs_(Romania),1785,Person,0
Domestic_Affairs_(South_Sudan),1786,Person,0
Domestic_Affairs_(Spain),1787,Person,0
Domestic_Affairs_(Sri_Lanka),1788,Person,0
Domestic_Affairs_(Sudan),1789,Person,0
Domestic_Affairs_(Tanzania),1790,Person,0
Domestic_Affairs_(Yemen),1791,Person,0
Domingos_Simões_Pereira,1792,Person,0
Dominica,1793,Location/Other,8
Dominican_Republic,1794,Person,0
Don_Brash,1795,Person,0
Donald_Etiebet,1796,Person,0
Donatille_Mukabalisa,1797,Person,0
Dora_Akunyili,1798,Person,0
Dora_Siliya,1799,Person,0
Douglas_Alexander,1800,Person,0
Dragomir_Stoynev,1801,Person,0
Drug_Dealer_(Indonesia),1802,Person,0
Drug_Dealer_(Iran),1803,Person,0
Drug_Dealer_(Jamaica),1804,Person,0
Drug_Dealer_(Mindanao),1805,Person,0
Drug_Enforcement_(Liberia),1806,Military,2
Drug_Enforcement_Administration,1807,Government,1
Drug_Gang_(Africa),1808,Person,0
Drug_Gang_(Beltrán-Leyva_Cartel),1809,Person,0
Drug_Gang_(Colombia),1810,Person,0
Drug_Gang_(India),1811,Person,0
Drug_Gang_(Knights_Templar_Cartel),1812,Person,0
Drug_Gang_(Mexico),1813,Person,0
Drug_Gang_(Syria),1814,Person,0
Drug_Gang_(Thailand),1815,Person,0
Drug_Gang_(Turkmenistan),1816,Person,0
Drug_Gang_(Uganda),1817,Person,0
Drug_Gang_(United_Kingdom),1818,Person,0
Dumiso_Dabengwa,1819,Person,0
Dunya_Maumoon,1820,Person,0
Dusan_Mramor,1821,Person,0
Dustin_McDaniel,1822,Person,0
Dzhokhar_Tsarnaev,1823,Person,0
Dzintars_Rasnacs,1824,Person,0
Débora_Giorgi,1825,Person,0
East_African_Community,1826,Person,0
East_Turkistan_Islamic_Movement,1827,Political Party,3
Eastern_Mindanao_Command,1828,Person,0
Ebrahim_Ebrahim,1829,Person,0
Ebrahim_Patel,1830,Person,0
Ebrahim_Yazdi,1831,Person,0
Economic_Community_of_Central_African_States,1832,Person,0
Economic_Cooperation_Organization,1833,Organization,4
Economic_and_Monetary_Community_of_Central_Africa,1834,Person,0
Economist_(Belarus),1835,Person,0
Economist_(Canada),1836,Person,0
Economist_(China),1837,Person,0
Economist_(New_Zealand),1838,Person,0
Economist_(Philippines),1839,Person,0
Economist_(United_States),1840,Person,0
Economist_(Zimbabwe),1841,Person,0
Ecopetrol,1842,Location/Other,8
Ed_Royce,1843,Person,0
Eda_Rivas,1844,Person,0
Edgard_Arevalo,1845,Person,0
Edgars_Rinkevics,1846,Person,0
Edmond_Mulet,1847,Person,0
Edouard_Balladur,1848,Person,0
Edouard_Nduwimana,1849,Person,0
Eduard_Shevardnadze,1850,Person,0
Eduardo_Brandão_de_Azeredo,1851,Person,0
Eduardo_Buzzi,1852,Person,0
Eduardo_Koloma,1853,Person,0
Eduardo_Montealegre,1854,Person,0
Education_(Angola),1855,Person,0
Education_(Argentina),1856,Person,0
Education_(Azerbaijan),1857,Person,0
Education_(Bahrain),1858,Person,0
Education_(Benin),1859,Person,0
Education_(Brazil),1860,Person,0
Education_(Colombia),1861,Person,0
Education_(Costa_Rica),1862,Person,0
Education_(Egypt),1863,Person,0
Education_(Greece),1864,Person,0
Education_(Hong_Kong),1865,Person,0
Education_(Iran),1866,Person,0
Education_(Iraq),1867,Person,0
Education_(Israel),1868,Person,0
Education_(Kosovo),1869,Person,0
Education_(Libya),1870,Person,0
Education_(Myanmar),1871,Person,0
Education_(New_Zealand),1872,Person,0
Education_(Nigeria),1873,Person,0
Education_(Pakistan),1874,Person,0
Education_(Peru),1875,Person,0
Education_(Russia),1876,Person,0
Education_(Singapore),1877,Person,0
Education_(Slovakia),1878,Person,0
Education_(Somalia),1879,Person,0
Education_(South_Africa),1880,Person,0
Education_(Tanzania),1881,Person,0
Education_(Trinidad_and_Tobago),1882,Person,0
Education_(United_States),1883,Person,0
Education_Ministry_(Algeria),1884,Government,1
Education_Ministry_(Angola),1885,Government,1
Education_Ministry_(Bangladesh),1886,Government,1
Education_Ministry_(Botswana),1887,Government,1
Education_Ministry_(Brazil),1888,Government,1
Education_Ministry_(Canada),1889,Government,1
Education_Ministry_(China),1890,Government,1
Education_Ministry_(Czech_Republic),1891,Government,1
Education_Ministry_(Estonia),1892,Government,1
Education_Ministry_(France),1893,Government,1
Education_Ministry_(Georgia),1894,Government,1
Education_Ministry_(Greece),1895,Government,1
Education_Ministry_(Iran),1896,Government,1
Education_Ministry_(Kuwait),1897,Government,1
Education_Ministry_(Malaysia),1898,Government,1
Education_Ministry_(Mozambique),1899,Government,1
Education_Ministry_(Namibia),1900,Government,1
Education_Ministry_(Oman),1901,Government,1
Education_Ministry_(Pakistan),1902,Government,1
Education_Ministry_(Philippines),1903,Government,1
Education_Ministry_(Saudi_Arabia),1904,Government,1
Education_Ministry_(Singapore),1905,Government,1
Education_Ministry_(South_Africa),1906,Government,1
Education_Ministry_(Taiwan),1907,Government,1
Education_Ministry_(Uganda),1908,Government,1
Education_Ministry_(United_Arab_Emirates),1909,Government,1
Education_Ministry_(Uruguay),1910,Government,1
Education_Official_(Philippines),1911,Person,0
Edward_Natapei,1912,Person,0
Edwin_Clark,1913,Person,0
Edwin_Kanguatjivi,1914,Person,0
Edwin_Lacierda,1915,Person,0
Efkan_Ala,1916,Person,0
Egon_Krenz,1917,Person,0
Egyptian_Army,1918,Military,2
Ehsanullah_Ehsan,1919,Person,0
Eighth_U.S._Army,1920,Military,2
Ekaterina_Zaharieva,1921,Person,0
El_Tiempo,1922,Person,0
Election_Commission_(Afghanistan),1923,Government,1
Election_Commission_(Australia),1924,Government,1
Election_Commission_(Belarus),1925,Government,1
Election_Commission_(Bulgaria),1926,Government,1
Election_Commission_(Fiji),1927,Government,1
Election_Commission_(India),1928,Government,1
Election_Commission_(Iran),1929,Government,1
Election_Commission_(Latvia),1930,Government,1
Election_Commission_(Moldova),1931,Government,1
Election_Commission_(Namibia),1932,Government,1
Election_Commission_(Serbia),1933,Government,1
Election_Commission_(Syria),1934,Government,1
Election_Commission_(Tonga),1935,Government,1
Election_Commission_(Turkey),1936,Government,1
Elections_Canada,1937,Person,0
Eli_Yishai,1938,Person,0
Elias_Camsek_Chin,1939,Person,0
Elias_Murr,1940,Person,0
Elio_Di_Rupo,1941,Person,0
Elizabeth_Dipuo_Peters,1942,Person,0
Elizabeth_II,1943,Person,0
Elizabeth_Warren,1944,Person,0
Elmar_Brok,1945,Person,0
Elmar_Mammadyarov,1946,Person,0
Eloy_Inos,1947,Person,0
Elyor_Ganiyev,1948,Person,0
Emal_Faizi,1949,Person,0
Embraer,1950,Location/Other,8
Emeka_Ihedioha,1951,Person,0
Emilio_Pérez_Touriño,1952,Person,0
Emma_Bonino,1953,Person,0
Emmanuel_Eweta_Uduaghan,1954,Person,0
Emperor_Akihito,1955,Person,0
Employee_(Afghanistan),1956,Person,0
Employee_(Bahrain),1957,Person,0
Employee_(Bangladesh),1958,Person,0
Employee_(Bosnia_and_Herzegovina),1959,Person,0
Employee_(Botswana),1960,Person,0
Employee_(Bulgaria),1961,Person,0
Employee_(Canada),1962,Person,0
Employee_(Chile),1963,Person,0
Employee_(Costa_Rica),1964,Person,0
Employee_(Cote_d'Ivoire),1965,Person,0
Employee_(Cuba),1966,Person,0
Employee_(Dominican_Republic),1967,Person,0
Employee_(Ghana),1968,Person,0
Employee_(Guatemala),1969,Person,0
Employee_(Hong_Kong),1970,Person,0
Employee_(India),1971,Person,0
Employee_(Iraq),1972,Person,0
Employee_(Israel),1973,Person,0
Employee_(Jordan),1974,Person,0
Employee_(Kenya),1975,Person,0
Employee_(Kuwait),1976,Person,0
Employee_(Lebanon),1977,Person,0
Employee_(Liberia),1978,Person,0
Employee_(Libya),1979,Person,0
Employee_(Luxembourg),1980,Person,0
Employee_(Macedonia),1981,Person,0
Employee_(Malaysia),1982,Person,0
Employee_(Mauritania),1983,Person,0
Employee_(Mozambique),1984,Person,0
Employee_(Myanmar),1985,Person,0
Employee_(Namibia),1986,Person,0
Employee_(Netherlands),1987,Person,0
Employee_(Non-Governmental_Organizations),1988,Organization,4
Employee_(North_Korea),1989,Person,0
Employee_(Philippines),1990,Person,0
Employee_(Poland),1991,Person,0
Employee_(Romania),1992,Person,0
Employee_(Rwanda),1993,Person,0
Employee_(Saudi_Arabia),1994,Person,0
Employee_(Slovenia),1995,Person,0
Employee_(Sudan),1996,Person,0
Employee_(Switzerland),1997,Person,0
Employee_(Tanzania),1998,Person,0
Employee_(Uganda),1999,Person,0
Employee_(Ukraine),2000,Person,0
Employee_(United_Arab_Emirates),2001,Person,0
Employee_(Vietnam),2002,Person,0
Employee_(Yemen),2003,Person,0
Emrullah_Isler,2004,Person,0
Energy_Corp_(Russia),2005,Business,5
Energy_Department/Ministry_(Austria),2006,Government,1
Energy_Department/Ministry_(China),2007,Government,1
Energy_Department/Ministry_(Egypt),2008,Government,1
Energy_Department/Ministry_(Germany),2009,Government,1
Energy_Department/Ministry_(Iran),2010,Government,1
Energy_Department/Ministry_(Israel),2011,Government,1
Energy_Department/Ministry_(Jordan),2012,Government,1
Energy_Department/Ministry_(Lebanon),2013,Government,1
Energy_Department/Ministry_(Philippines),2014,Government,1
Energy_Department/Ministry_(Romania),2015,Government,1
Energy_Department/Ministry_(South_Africa),2016,Government,1
Energy_Department/Ministry_(Taiwan),2017,Government,1
Energy_Department/Ministry_(Turkey),2018,Government,1
Energy_Department/Ministry_(United_Arab_Emirates),2019,Government,1
Energy_Department/Ministry_(United_States),2020,Government,1
Energy_Department/Ministry_(Zimbabwe),2021,Government,1
Engineer_(Canada),2022,Person,0
Engineer_(Colombia),2023,Person,0
Engineer_(Grenada),2024,Person,0
Engineer_(Kuwait),2025,Person,0
Engineer_(Malaysia),2026,Person,0
"Engineer_(Palestinian_Territory,_Occupied)",2027,Person,0
Engineer_(South_Africa),2028,Person,0
Engineer_(Turkey),2029,Person,0
Engineer_(United_Kingdom),2030,Person,0
Enough_Project,2031,Person,0
Enrico_Letta,2032,Person,0
Enver_Hoxhaj,2033,Person,0
Environment_Agency,2034,Person,0
Environment_Department/Ministry_(Bangladesh),2035,Government,1
Environment_Department/Ministry_(Czech_Republic),2036,Government,1
Environment_Department/Ministry_(Egypt),2037,Government,1
Environment_Department/Ministry_(France),2038,Government,1
Environment_Department/Ministry_(India),2039,Government,1
Environment_Department/Ministry_(Jordan),2040,Government,1
Environment_Department/Ministry_(Kenya),2041,Government,1
Environment_Department/Ministry_(Malaysia),2042,Government,1
Environment_Department/Ministry_(Mauritania),2043,Government,1
Environment_Department/Ministry_(Mauritius),2044,Government,1
Environment_Department/Ministry_(Poland),2045,Government,1
Environment_Department/Ministry_(Ukraine),2046,Government,1
Environment_Department/Ministry_(United_States),2047,Government,1
Environmentalist_(France),2048,Person,0
Environmentalist_(Nigeria),2049,Person,0
Envoy_(Afghanistan),2050,Person,0
Envoy_(Africa),2051,Person,0
Envoy_(France),2052,Person,0
Envoy_(India),2053,Person,0
Envoy_(Japan),2054,Person,0
Envoy_(Kazakhstan),2055,Person,0
Envoy_(New_Zealand),2056,Person,0
Envoy_(Nicaragua),2057,Person,0
Envoy_(Qatar),2058,Person,0
Envoy_(Saudi_Arabia),2059,Person,0
Envoy_(Senegal),2060,Person,0
Envoy_(Spain),2061,Person,0
Envoy_(Sri_Lanka),2062,Person,0
Envoy_(Sudan),2063,Person,0
Envoy_(Thailand),2064,Person,0
Envoy_(United_Kingdom),2065,Person,0
Envoy_(United_States),2066,Person,0
Envoy_(Uzbekistan),2067,Person,0
Envoy_(Vietnam),2068,Person,0
Epeli_Nailatikau,2069,Person,0
Episcopal_(South_Sudan),2070,Person,0
Eric_Garner,2071,Person,0
Eric_Ken_Shinseki,2072,Person,0
Eric_Matinenga,2073,Person,0
Eritrea,2074,Location/Other,8
Erol_Incedal,2075,Business,5
Erste_Bank,2076,Business,5
Ertharin_Cousin,2077,Person,0
Eshaq_Jahangiri,2078,Person,0
Eslam_Khatami,2079,Person,0
Eslam_Reza'i,2080,Person,0
Esmael_Mangudadatu,2081,Person,0
Estonian_Parliament,2082,Government,1
Ethiopia,2083,Location/Other,8
Ethnic_Group_(Afghanistan),2084,Organization,4
Ethnic_Group_(Cameroon),2085,Organization,4
Ethnic_Group_(India),2086,Organization,4
Ethnic_Group_(Nigeria),2087,Organization,4
Ethnic_Group_(Pakistan),2088,Organization,4
Ethnic_Group_(Romania),2089,Organization,4
Ethnic_Group_(Syria),2090,Organization,4
Ethnic_Group_(Ukraine),2091,Organization,4
Ethnic_Tamil_(Sri_Lanka),2092,Person,0
Ethnos,2093,Location/Other,8
Eugen_Carpov,2094,Person,0
Eugene_Wamalwa,2095,Person,0
Eurasian_Economic_Community,2096,Person,0
European_Central_Bank,2097,Business,5
European_Council_on_Foreign_Relations,2098,Organization,4
European_Court_of_Auditors,2099,Government,1
European_Parliament,2100,Government,1
Eustarckio_Kazonga,2101,Person,0
Evangelos_Meimarakis,2102,Person,0
Evangelos_Venizelos,2103,Person,0
Evo_Morales,2104,Person,0
Ewald_Nowotny,2105,Person,0
Exiled_Opposition_(Turkey),2106,Person,0
Exim_Bank,2107,Business,5
Expatriate_(Algeria),2108,Person,0
Expatriate_(United_Kingdom),2109,Person,0
Extremist_(Al_Qaeda),2110,Person,0
Extremist_(Boko_Haram),2111,Person,0
Extremist_(Canada),2112,Person,0
Extremist_(Italy),2113,Person,0
Extremist_(Kyrgyzstan),2114,Person,0
Extremist_(Lebanon),2115,Person,0
Extremist_(New_Zealand),2116,Person,0
Extremist_(Norway),2117,Person,0
Extremist_(Somalia),2118,Person,0
Extremist_(Syria),2119,Person,0
Extremist_(Tunisia),2120,Person,0
Extremist_(Yemen),2121,Person,0
Fadli_Zon,2122,Person,0
Fahed_al-Jasem_el-Freij,2123,Person,0
Faisal_al-Fayez,2124,Person,0
Faith_Pansy_Tlakula,2125,Person,0
Falah_Mustafa,2126,Person,0
Fan_Changlong,2127,Person,0
Fang_Fenghui,2128,Person,0
Fareed_Zakaria,2129,Person,0
Farm_Worker_(Burkina_Faso),2130,Person,0
Farm_Worker_(Cuba),2131,Person,0
Farm_Worker_(Guatemala),2132,Person,0
Farm_Worker_(Kosovo),2133,Person,0
Farm_Worker_(Kuwait),2134,Person,0
Farm_Worker_(Malawi),2135,Person,0
Farm_Worker_(Namibia),2136,Person,0
Farm_Worker_(Nigeria),2137,Person,0
Farm_Worker_(Russia),2138,Person,0
Farm_Worker_(Sierra_Leone),2139,Person,0
Farm_Worker_(South_Korea),2140,Person,0
Farm_Worker_(Taiwan),2141,Person,0
Farm_Worker_(Tanzania),2142,Person,0
Farm_Worker_(Thailand),2143,Person,0
Farm_Worker_(United_Kingdom),2144,Person,0
Farm_Worker_(Zimbabwe),2145,Person,0
Farooq_Abdullah,2146,Person,0
Farooq_Sattar,2147,Person,0
Faruk_Celik,2148,Person,0
Fawaz_al-Itan,2149,Person,0
Fayez_Tarawneh,2150,Person,0
Federal_Bank,2151,Business,5
Federal_Judge_(Argentina),2152,Person,0
Federal_Police,2153,Military,2
Federica_Mogherini,2154,Person,0
Fedor_Lukyanov,2155,Person,0
Felipe_de_Borbon,2156,Person,0
Femi_Falana,2157,Person,0
Fereydoon_Abbasi,2158,Person,0
Fernando_Gonzalez,2159,Person,0
Fernando_Henrique_Cardoso,2160,Person,0
Fernando_Sánchez_López,2161,Person,0
Fernando_de_la_Rúa,2162,Person,0
Fessehaye_Yohannes,2163,Person,0
Festus_Keyamo,2164,Person,0
Fidesz,2165,Political Party,3
Fighter_Bomber_(China),2166,Person,0
Fighter_Bomber_(Iran),2167,Person,0
Fighter_Bomber_(Libya),2168,Person,0
Fighter_Bomber_(Nigeria),2169,Person,0
Fighter_Bomber_(Poland),2170,Person,0
Fighter_Bomber_(Sudan),2171,Person,0
Fighter_Bomber_(Sweden),2172,Person,0
Fighter_Bomber_(Syria),2173,Person,0
Fighter_Bomber_(Ukraine),2174,Person,0
Fiji,2175,Location/Other,8
Fijilive,2176,Location/Other,8
Finance_/_Economy_/_Commerce_/_Trade_Ministry_(Brazil),2177,Government,1
Finance_/_Economy_/_Commerce_/_Trade_Ministry_(Canada),2178,Government,1
Finance_/_Economy_/_Commerce_/_Trade_Ministry_(Democratic_Republic_of_Congo),2179,Government,1
Finance_/_Economy_/_Commerce_/_Trade_Ministry_(Honduras),2180,Government,1
Finance_/_Economy_/_Commerce_/_Trade_Ministry_(India),2181,Government,1
Finance_/_Economy_/_Commerce_/_Trade_Ministry_(Japan),2182,Government,1
Finance_/_Economy_/_Commerce_/_Trade_Ministry_(Namibia),2183,Government,1
Finance_/_Economy_/_Commerce_/_Trade_Ministry_(New_Zealand),2184,Government,1
Finance_/_Economy_/_Commerce_/_Trade_Ministry_(North_Korea),2185,Government,1
Finance_/_Economy_/_Commerce_/_Trade_Ministry_(Oman),2186,Government,1
Finance_/_Economy_/_Commerce_/_Trade_Ministry_(Philippines),2187,Government,1
Finance_/_Economy_/_Commerce_/_Trade_Ministry_(Russia),2188,Government,1
Finance_/_Economy_/_Commerce_/_Trade_Ministry_(Sudan),2189,Government,1
Finance_/_Economy_/_Commerce_/_Trade_Ministry_(Vanuatu),2190,Government,1
Finance_/_Economy_/_Commerce_/_Trade_Ministry_(Zambia),2191,Government,1
Fiona_Woolf,2192,Person,0
Fire_Brigade_(Argentina),2193,Person,0
Fire_Brigade_(Australia),2194,Person,0
Fire_Brigade_(China),2195,Person,0
Fire_Brigade_(Cote_d'Ivoire),2196,Person,0
Fire_Brigade_(Japan),2197,Person,0
Fire_Brigade_(United_Kingdom),2198,Person,0
Firhad_Hakim,2199,Person,0
First_Command_of_the_Capital,2200,Person,0
Fishermen_(Ghana),2201,Person,0
Fishermen_(India),2202,Person,0
Fishermen_(Indonesia),2203,Person,0
Fishermen_(Japan),2204,Person,0
Fishermen_(Mexico),2205,Person,0
Fishermen_(Nigeria),2206,Person,0
Fishermen_(Sri_Lanka),2207,Person,0
Fishermen_(Taiwan),2208,Person,0
Fishermen_(Vietnam),2209,Person,0
Fishermen_(Zambia),2210,Person,0
Florin_Georgescu,2211,Person,0
"Food,_Water,_and_Disaster_Relief_(Sri_Lanka)",2212,Person,0
Food_and_Agriculture_Organization,2213,Organization,4
Foreign_Affairs_(Antigua_and_Barbuda),2214,Person,0
Foreign_Affairs_(Argentina),2215,Person,0
Foreign_Affairs_(Austria),2216,Person,0
Foreign_Affairs_(Bahamas),2217,Person,0
Foreign_Affairs_(Belarus),2218,Person,0
Foreign_Affairs_(Belgium),2219,Person,0
Foreign_Affairs_(Benin),2220,Person,0
Foreign_Affairs_(Botswana),2221,Person,0
Foreign_Affairs_(Brunei),2222,Person,0
Foreign_Affairs_(Cameroon),2223,Person,0
Foreign_Affairs_(Central_African_Republic),2224,Person,0
Foreign_Affairs_(Chad),2225,Person,0
Foreign_Affairs_(Chile),2226,Person,0
Foreign_Affairs_(Comoros),2227,Person,0
Foreign_Affairs_(Congo),2228,Person,0
Foreign_Affairs_(Cote_d'Ivoire),2229,Person,0
Foreign_Affairs_(Czech_Republic),2230,Person,0
Foreign_Affairs_(Denmark),2231,Person,0
Foreign_Affairs_(Dominican_Republic),2232,Person,0
Foreign_Affairs_(Ecuador),2233,Person,0
Foreign_Affairs_(Ethiopia),2234,Person,0
Foreign_Affairs_(Gambia),2235,Person,0
Foreign_Affairs_(Georgia),2236,Person,0
Foreign_Affairs_(Guinea),2237,Person,0
Foreign_Affairs_(Guinea-Bissau),2238,Person,0
Foreign_Affairs_(Honduras),2239,Person,0
Foreign_Affairs_(Hungary),2240,Person,0
Foreign_Affairs_(India),2241,Person,0
Foreign_Affairs_(Israel),2242,Person,0
Foreign_Affairs_(Italy),2243,Person,0
Foreign_Affairs_(Kiribati),2244,Person,0
Foreign_Affairs_(Kosovo),2245,Person,0
Foreign_Affairs_(Kuwait),2246,Person,0
Foreign_Affairs_(Latin_America),2247,Person,0
Foreign_Affairs_(Latvia),2248,Media,7
Foreign_Affairs_(Lebanon),2249,Person,0
Foreign_Affairs_(Liberia),2250,Person,0
Foreign_Affairs_(Libya),2251,Person,0
Foreign_Affairs_(Liechtenstein),2252,Person,0
Foreign_Affairs_(Luxembourg),2253,Person,0
Foreign_Affairs_(Macedonia),2254,Person,0
Foreign_Affairs_(Malaysia),2255,Person,0
Foreign_Affairs_(Malta),2256,Person,0
Foreign_Affairs_(Mauritania),2257,Person,0
Foreign_Affairs_(Middle_East),2258,Person,0
Foreign_Affairs_(Mongolia),2259,Person,0
Foreign_Affairs_(Namibia),2260,Person,0
Foreign_Affairs_(Nepal),2261,Person,0
Foreign_Affairs_(Norway),2262,Person,0
Foreign_Affairs_(Panama),2263,Person,0
Foreign_Affairs_(Portugal),2264,Person,0
Foreign_Affairs_(Romania),2265,Person,0
Foreign_Affairs_(Russia),2266,Person,0
Foreign_Affairs_(Rwanda),2267,Person,0
Foreign_Affairs_(Senegal),2268,Person,0
Foreign_Affairs_(Singapore),2269,Person,0
Foreign_Affairs_(Slovakia),2270,Person,0
Foreign_Affairs_(South_Africa),2271,Person,0
Foreign_Affairs_(South_Korea),2272,Person,0
Foreign_Affairs_(Syria),2273,Person,0
Foreign_Affairs_(Taiwan),2274,Person,0
Foreign_Affairs_(Tonga),2275,Person,0
Foreign_Affairs_(Trinidad_and_Tobago),2276,Person,0
Foreign_Affairs_(Ukraine),2277,Person,0
Foreign_Affairs_(United_States),2278,Person,0
Foreign_Affairs_(Uruguay),2279,Person,0
Foreign_Affairs_(Vanuatu),2280,Person,0
Foreign_Affairs_(Venezuela),2281,Person,0
Foreign_Affairs_(Yemen),2282,Person,0
Foreign_Affairs_(Zambia),2283,Person,0
Foreign_Affairs_(Zimbabwe),2284,Person,0
Formosa_Plastics,2285,Person,0
Foroyaa,2286,Location/Other,8
Fotis_Kouvelis,2287,Person,0
Four-Coalition,2288,Location/Other,8
Foxconn_Technology_Group,2289,Organization,4
France,2290,Location/Other,8
Francis_Korkpor,2291,Person,0
Francis_Muthaura,2292,Person,0
Francisco_de_Narvaez_Steuer,2293,Person,0
Francois_Beukman,2294,Person,0
Francois_Molins,2295,Person,0
Frank_Bainimarama,2296,Person,0
Frank_Mba,2297,Person,0
Franklin_Drilon,2298,Person,0
François_Bozizé,2299,Person,0
François_Hollande,2300,Person,0
François_Rebsamen,2301,Person,0
Fred_Gumo,2302,Person,0
Frederick_Fasehun,2303,Person,0
Free_State_High_Court,2304,Government,1
Freedom_Fighter_(Namibia),2305,Person,0
Freedom_Fighter_(Zambia),2306,Person,0
Freedom_Party_(Ukraine),2307,Political Party,3
Freedom_and_Justice_Party,2308,Political Party,3
French_Armed_Forces,2309,Military,2
French_Communist_Party,2310,Political Party,3
Frene_Noshir_Ginwala,2311,Person,0
Fresh_Democratic_Party,2312,Political Party,3
Fuad_Masum,2313,Person,0
Fula_people,2314,Person,0
Fumio_Kishida,2315,Person,0
Fumio_Kyuma,2316,Person,0
Future_Movement,2317,Political Party,3
Félix_Houphouët-Boigny,2318,Person,0
Gabor_Vona,2319,Person,0
Gabriel_Namulambe,2320,Person,0
Gabriel_Torwua_Suswam,2321,Person,0
Gadzali_Jaafar,2322,Person,0
Gagik_Harutyunyan,2323,Person,0
Gagik_Tsarukyan,2324,Person,0
Galdino_Mellado_Cruz,2325,Person,0
Galicia,2326,Location/Other,8
Gambia,2327,Location/Other,8
Gamini_Peiris,2328,Person,0
Ganiyu_Solomon,2329,Person,0
Gareth_Evans,2330,Person,0
Garo_National_Liberation_Army,2331,Military,2
Gary_Nkombo,2332,Person,0
Gary_Quinlan,2333,Person,0
Gas_Authority_of_India,2334,Government,1
Gazeta_Wyborcza,2335,Person,0
Gazprom,2336,Business,5
Gazprom_Neft,2337,Person,0
Gediminas_Kirkilas,2338,Person,0
Geert_Wilders,2339,Person,0
Gen_Prayut_Chan-o-cha,2340,Person,0
Gen_Tanasak_Patimapragorn,2341,Person,0
Gendermarie_(Algeria),2342,Person,0
General_Auditing_Commission,2343,Government,1
General_Union_of_Tunisian_Students,2344,Political Party,3
General_Óscar_Naranjo,2345,Person,0
Geng_Yansheng,2346,Person,0
Gennady_Andreyevich_Zyuganov,2347,Person,0
Geo_TV,2348,Media,7
Geoffrey_Pyatt,2349,Person,0
George_Adwan,2350,Person,0
George_Akume,2351,Person,0
George_Chaponda,2352,Person,0
George_Huruma_Mkuchika,2353,Person,0
George_Krol,2354,Person,0
George_Lillikas,2355,Person,0
George_Mthethwa,2356,Person,0
George_O'Toole,2357,Person,0
George_Solo,2358,Person,0
George_Yeo,2359,Person,0
Georgi_Purvanov,2360,Person,0
Georgian_Labour_Party,2361,Political Party,3
Georgian_Orthodox_Church,2362,Person,0
Georgian_Party,2363,Political Party,3
Georgios_Papandreou,2364,Person,0
Georgios_Sourlas,2365,Person,0
Gerardo_Hernández,2366,Person,0
Gerd_Mueller,2367,Person,0
Gerhard_Schröder,2368,Person,0
Gerrie_Nel,2369,Person,0
Ghadir_Investment_Company,2370,Business,5
Gholamali_Haddad_Adel,2371,Person,0
Gholamreza_Ansari,2372,Person,0
Gibran_Bassil,2373,Person,0
Gideon_Gono,2374,Person,0
Gideon_Mung'aro,2375,Person,0
Gideon_Sa'ar,2376,Person,0
Gilbert_Bukenya,2377,Person,0
Gilberto_Carvalho,2378,Person,0
Gilberto_Kassab,2379,Person,0
Gilberto_Passos_Gil_Moreira,2380,Person,0
Gilgit–Baltistan,2381,Location/Other,8
Gilles_Jaron,2382,Person,0
Gina_McCarthy,2383,Person,0
Giorgi_Kvirikashvili,2384,Person,0
Giorgio_Napolitano,2385,Person,0
Giuseppe_Morabito,2386,Person,0
Givi_Targamadze,2387,Person,0
Gjorge_Ivanov,2388,Person,0
Gladys_Berejiklian,2389,Person,0
Glaxosmithkline,2390,Location/Other,8
Global_Kids_Inc,2391,Business,5
Globo_Television,2392,Person,0
Godfrey_Chidyausiku,2393,Person,0
Godwin_Emefiele,2394,Person,0
Goh_Chok_Tong,2395,Person,0
Gonzalo_Sanchez_de_Lozada,2396,Person,0
Goran_Rakic,2397,Person,0
Gordan_Jandroković,2398,Person,0
Gordon_Darcy_Lilo,2399,Person,0
Gough_Whitlam,2400,Person,0
Governing_Party_(Slovakia),2401,Political Party,3
Government_(Africa),2402,Government,1
Government_(Angola),2403,Government,1
Government_(Argentina),2404,Government,1
Government_(Austria),2405,Government,1
Government_(Bahamas),2406,Government,1
Government_(Belarus),2407,Government,1
Government_(Belgium),2408,Government,1
Government_(Bolivia),2409,Government,1
Government_(Botswana),2410,Government,1
Government_(Burundi),2411,Government,1
Government_(Cape_Verde),2412,Government,1
Government_(Costa_Rica),2413,Government,1
Government_(Cote_d'Ivoire),2414,Government,1
Government_(Croatia),2415,Government,1
Government_(Ecuador),2416,Government,1
Government_(France),2417,Government,1
Government_(Gabon),2418,Government,1
Government_(Georgia),2419,Government,1
Government_(Germany),2420,Government,1
Government_(Guatemala),2421,Government,1
Government_(Guyana),2422,Government,1
Government_(Haiti),2423,Government,1
Government_(Holy_See_(Vatican_City_State)),2424,Government,1
Government_(Italy),2425,Government,1
Government_(Jamaica),2426,Government,1
Government_(Kenya),2427,Government,1
Government_(Kiribati),2428,Government,1
Government_(Latin_America),2429,Government,1
Government_(Latvia),2430,Government,1
Government_(Lesotho),2431,Government,1
Government_(Madagascar),2432,Government,1
Government_(Maldives),2433,Government,1
Government_(Mauritania),2434,Government,1
Government_(Mexico),2435,Government,1
Government_(Middle_East),2436,Government,1
Government_(Namibia),2437,Government,1
Government_(Nauru),2438,Government,1
Government_(Nepal),2439,Government,1
Government_(New_Zealand),2440,Government,1
Government_(Nicaragua),2441,Government,1
Government_(Nigeria),2442,Government,1
Government_(Norfolk_Island),2443,Government,1
Government_(Oman),2444,Government,1
Government_(Pakistan),2445,Government,1
"Government_(Palestinian_Territory,_Occupied)",2446,Government,1
Government_(Panama),2447,Government,1
Government_(Papua_New_Guinea),2448,Government,1
Government_(Poland),2449,Government,1
Government_(Qatar),2450,Government,1
Government_(Sierra_Leone),2451,Government,1
Government_(Singapore),2452,Government,1
Government_(Slovakia),2453,Government,1
Government_(South_Africa),2454,Government,1
Government_(Sudan),2455,Government,1
Government_(Sweden),2456,Government,1
Government_(Syria),2457,Government,1
Government_(Trinidad_and_Tobago),2458,Government,1
Government_(United_Arab_Emirates),2459,Government,1
Government_(United_States),2460,Government,1
Government_(Venezuela),2461,Government,1
Government_Affiliated_Bank_(Angola),2462,Government,1
Government_Affiliated_Bank_(Argentina),2463,Government,1
Government_Affiliated_Bank_(Armenia),2464,Government,1
Government_Affiliated_Bank_(Bahrain),2465,Government,1
Government_Affiliated_Bank_(Brazil),2466,Government,1
Government_Affiliated_Bank_(Ireland),2467,Government,1
Government_Affiliated_Bank_(Japan),2468,Government,1
Government_Affiliated_Bank_(Mauritius),2469,Government,1
Government_Affiliated_Bank_(New_Zealand),2470,Government,1
Government_Affiliated_Bank_(Nigeria),2471,Government,1
Government_Affiliated_Bank_(Pakistan),2472,Government,1
Government_Affiliated_Bank_(Philippines),2473,Government,1
Government_Affiliated_Bank_(Russia),2474,Government,1
Government_Affiliated_Bank_(Serbia),2475,Government,1
Government_Affiliated_Bank_(South_Africa),2476,Government,1
Government_Affiliated_Bank_(Spain),2477,Government,1
Government_Affiliated_Bank_(Sweden),2478,Government,1
Government_Affiliated_Bank_(Taiwan),2479,Government,1
Government_Affiliated_Bank_(Thailand),2480,Government,1
Government_Coalition_(Zanzibar),2481,Government,1
Government_Commission_(Myanmar),2482,Government,1
Government_Delegation_(China),2483,Government,1
Government_Delegation_(Colombia),2484,Government,1
Government_Delegation_(Iraq),2485,Government,1
Government_Delegation_(North_Korea),2486,Government,1
Government_Delegation_(Somalia),2487,Government,1
Government_Delegation_(South_Sudan),2488,Government,1
Government_Information_Agency,2489,Government,1
Government_Lawyer/Representative_(Azerbaijan),2490,Government,1
Government_Lawyer/Representative_(Bangladesh),2491,Government,1
Government_Lawyer/Representative_(Egypt),2492,Government,1
Government_Lawyer/Representative_(Jordan),2493,Government,1
Government_Lawyer/Representative_(Ukraine),2494,Government,1
Government_Official_(Afghanistan),2495,Government,1
Government_Official_(Angola),2496,Government,1
Government_Official_(Azerbaijan),2497,Government,1
Government_Official_(Bangladesh),2498,Government,1
Government_Official_(Belarus),2499,Government,1
Government_Official_(Cyprus),2500,Government,1
Government_Official_(Egypt),2501,Government,1
Government_Official_(Georgia),2502,Government,1
Government_Official_(Germany),2503,Government,1
Government_Official_(Greece),2504,Government,1
Government_Official_(Holy_See_(Vatican_City_State)),2505,Government,1
Government_Official_(Ireland),2506,Government,1
Government_Official_(Japan),2507,Government,1
Government_Official_(Kazakhstan),2508,Government,1
Government_Official_(Malaysia),2509,Government,1
Government_Official_(Mali),2510,Government,1
Government_Official_(Mexico),2511,Government,1
Government_Official_(Moldova),2512,Government,1
Government_Official_(Mongolia),2513,Government,1
Government_Official_(Namibia),2514,Government,1
Government_Official_(Netherlands),2515,Government,1
Government_Official_(Papua_New_Guinea),2516,Government,1
Government_Official_(Russia),2517,Government,1
Government_Official_(Rwanda),2518,Government,1
Government_Official_(Saudi_Arabia),2519,Government,1
Government_Official_(Solomon_Islands),2520,Government,1
Government_Official_(South_Africa),2521,Government,1
Government_Official_(Syria),2522,Government,1
Government_Official_(Taiwan),2523,Government,1
Government_Official_(Thailand),2524,Government,1
Government_Official_(Turkey),2525,Government,1
Government_Official_(United_Kingdom),2526,Government,1
Government_Official_(United_States),2527,Government,1
Government_Official_(Vietnam),2528,Government,1
Government_Official_(Zimbabwe),2529,Government,1
Government_Religious_(Somalia),2530,Government,1
Governor_(Albania),2531,Person,0
Governor_(Algeria),2532,Person,0
Governor_(Angola),2533,Person,0
Governor_(Bahrain),2534,Person,0
Governor_(Benin),2535,Person,0
Governor_(Bermuda),2536,Person,0
Governor_(Bolivia),2537,Person,0
Governor_(Burkina_Faso),2538,Person,0
Governor_(Canada),2539,Person,0
Governor_(Chile),2540,Person,0
Governor_(Colombia),2541,Person,0
Governor_(Croatia),2542,Person,0
Governor_(Democratic_Republic_of_Congo),2543,Person,0
Governor_(Dominican_Republic),2544,Person,0
Governor_(India),2545,Person,0
Governor_(Japan),2546,Person,0
Governor_(Kenya),2547,Person,0
Governor_(Latvia),2548,Media,7
Governor_(Malawi),2549,Person,0
Governor_(Mongolia),2550,Person,0
Governor_(Niger),2551,Person,0
Governor_(Papua_New_Guinea),2552,Person,0
Governor_(Poland),2553,Person,0
Governor_(Russia),2554,Person,0
Governor_(Somalia),2555,Person,0
Governor_(South_Africa),2556,Person,0
Governor_(South_Korea),2557,Person,0
Governor_(Spain),2558,Person,0
Governor_(Sweden),2559,Person,0
Governor_(Thailand),2560,Person,0
Governor_(Venezuela),2561,Person,0
Governor_(Yemen),2562,Person,0
Governor_(Zambia),2563,Person,0
Governor_General_(Antigua_and_Barbuda),2564,Military,2
Governor_General_(Canada),2565,Military,2
Grace_Foster,2566,Person,0
Graeme_Wheeler,2567,Person,0
Grand_Ducal_Police,2568,Military,2
Grand_Duke_Henri,2569,Person,0
Grand_National_Party,2570,Political Party,3
Granma,2571,Location/Other,8
Graz,2572,Location/Other,8
Great_Council_of_Chiefs,2573,Organization,4
Green_Party_(Australia),2574,Political Party,3
Green_Party_(Norfolk_Island),2575,Political Party,3
Greenpeace,2576,Organization,4
Greg_Clark,2577,Person,0
Grupo_Aeroportuario_Del_Pacifico,2578,Person,0
Grupo_Clarín,2579,Person,0
Guangxi_Zhuang,2580,Person,0
Guatemala,2581,Location/Other,8
Guenther_Oettinger,2582,Person,0
Guerrilla_(Argentina),2583,Person,0
Guerrilla_(Colombia),2584,Person,0
Guerrilla_(Cuba),2585,Person,0
Guerrilla_(El_Salvador),2586,Person,0
Guerrilla_(Myanmar),2587,Person,0
Guerrilla_(National_Liberation_Army),2588,Military,2
"Guerrilla_(Palestinian_Territory,_Occupied)",2589,Person,0
Guerrilla_(Revolutionary_Armed_Forces_of_Colombia),2590,Military,2
Guerrilla_(Turkey),2591,Person,0
Guerrilla_Leader_(Revolutionary_Armed_Forces_of_Colombia),2592,Military,2
Guillaume,2593,Location/Other,8
Guillaume_Soro,2594,Person,0
Guillermo_Moreno,2595,Person,0
Guinea,2596,Location/Other,8
Guinea-Bissau,2597,Location/Other,8
Gulbuddin_Hekmatyar,2598,Person,0
Gunnar_Bragi_Sveinsson,2599,Person,0
Gurbanguly_Berdymukhammedov,2600,Person,0
Gustavo_Posse,2601,Person,0
Guy_Ryder,2602,Person,0
Guy_Scott,2603,Person,0
Gwangju_District_Court,2604,Government,1
Gwendolyn_Garcia,2605,Person,0
György_Matolcsy,2606,Person,0
Gérard_Larcher,2607,Person,0
Găgăuzia,2608,Location/Other,8
Haaretz,2609,Location/Other,8
Hacker_(China),2610,Person,0
Hacker_(Germany),2611,Person,0
Hacker_(India),2612,Person,0
Hacker_(Israel),2613,Person,0
Hacker_(United_Kingdom),2614,Person,0
Hacker_group_Anonymous,2615,Organization,4
Hafiz_Rashid,2616,Person,0
Haider_Al-Abadi,2617,Person,0
Haiti,2618,Location/Other,8
Hakainde_Hichilema,2619,Person,0
Hakeem_Baba-Ahmed,2620,Person,0
Halkbank,2621,Business,5
Hama_Amadou,2622,Person,0
Hamad_bin_Ali_al-Attiyah,2623,Person,0
Hamas,2624,Political Party,3
Hamdeen_Sabahi,2625,Person,0
Hamed_Bakayoko,2626,Person,0
Hanan_Ashrawi,2627,Person,0
Hani_Dahi,2628,Person,0
Hannes_Swoboda,2629,Person,0
Hanno_Pevkur,2630,Person,0
Hans_Blix,2631,Person,0
Haqqani_Network,2632,Military,2
Harish_Rawat,2633,Person,0
Harminder_Singh_Rai,2634,Person,0
Harold_Wilson,2635,Person,0
Harriet_Harman,2636,Person,0
Harsimrat_Kaur_Badal,2637,Person,0
Hasan_Qazizadeh-Hashemi,2638,Person,0
Hashim_Thaçi,2639,Person,0
Hashmat_Stanikzai,2640,Person,0
Hassan_Abshir_Farah,2641,Person,0
Hassan_Fadlallah,2642,Person,0
Hassan_Joho,2643,Person,0
Hassan_Tukur,2644,Person,0
Hau_Lung-pin,2645,Person,0
Hazrat_Hossayn_Mashreqiwal,2646,Person,0
He_Guoqiang,2647,Person,0
Head_of_Government_(Afghanistan),2648,Government,1
Head_of_Government_(Bahamas),2649,Government,1
Head_of_Government_(Bahrain),2650,Government,1
Head_of_Government_(Bangladesh),2651,Government,1
Head_of_Government_(Belarus),2652,Government,1
Head_of_Government_(Botswana),2653,Government,1
Head_of_Government_(Brazil),2654,Government,1
Head_of_Government_(Bulgaria),2655,Government,1
Head_of_Government_(Burkina_Faso),2656,Government,1
Head_of_Government_(Burundi),2657,Government,1
Head_of_Government_(Cameroon),2658,Government,1
Head_of_Government_(Chad),2659,Government,1
Head_of_Government_(Chile),2660,Government,1
Head_of_Government_(China),2661,Government,1
Head_of_Government_(Colombia),2662,Government,1
Head_of_Government_(Comoros),2663,Government,1
Head_of_Government_(Costa_Rica),2664,Government,1
Head_of_Government_(Croatia),2665,Government,1
Head_of_Government_(Cuba),2666,Government,1
Head_of_Government_(Cyprus),2667,Government,1
Head_of_Government_(Democratic_Republic_of_Congo),2668,Government,1
Head_of_Government_(Djibouti),2669,Government,1
Head_of_Government_(Ecuador),2670,Government,1
Head_of_Government_(Egypt),2671,Government,1
Head_of_Government_(Ethiopia),2672,Government,1
Head_of_Government_(Finland),2673,Government,1
Head_of_Government_(Gabon),2674,Government,1
Head_of_Government_(Gambia),2675,Government,1
Head_of_Government_(Germany),2676,Government,1
Head_of_Government_(Ghana),2677,Government,1
Head_of_Government_(Greece),2678,Government,1
Head_of_Government_(Grenada),2679,Government,1
Head_of_Government_(Guatemala),2680,Government,1
Head_of_Government_(Guyana),2681,Government,1
Head_of_Government_(Haiti),2682,Government,1
Head_of_Government_(India),2683,Government,1
Head_of_Government_(Kenya),2684,Government,1
Head_of_Government_(Kosovo),2685,Government,1
Head_of_Government_(Latvia),2686,Government,1
Head_of_Government_(Lesotho),2687,Government,1
Head_of_Government_(Madagascar),2688,Government,1
Head_of_Government_(Mauritania),2689,Government,1
Head_of_Government_(Mexico),2690,Government,1
Head_of_Government_(Mongolia),2691,Government,1
Head_of_Government_(Mozambique),2692,Government,1
Head_of_Government_(New_Zealand),2693,Government,1
Head_of_Government_(Nigeria),2694,Government,1
Head_of_Government_(Pakistan),2695,Government,1
Head_of_Government_(Palau),2696,Government,1
"Head_of_Government_(Palestinian_Territory,_Occupied)",2697,Government,1
Head_of_Government_(Peru),2698,Government,1
Head_of_Government_(Poland),2699,Government,1
Head_of_Government_(Qatar),2700,Government,1
Head_of_Government_(Senegal),2701,Government,1
Head_of_Government_(Sierra_Leone),2702,Government,1
Head_of_Government_(Slovenia),2703,Government,1
Head_of_Government_(South_Korea),2704,Government,1
Head_of_Government_(Sri_Lanka),2705,Government,1
Head_of_Government_(Sweden),2706,Government,1
Head_of_Government_(Taiwan),2707,Government,1
Head_of_Government_(Tajikistan),2708,Government,1
Head_of_Government_(Timor-Leste),2709,Government,1
Head_of_Government_(Togo),2710,Government,1
Head_of_Government_(Tonga),2711,Government,1
Head_of_Government_(Turkmenistan),2712,Government,1
Head_of_Government_(Ukraine),2713,Government,1
Head_of_Government_(Uruguay),2714,Government,1
Head_of_Government_(Vanuatu),2715,Government,1
Health_Ministry_(Bangladesh),2716,Government,1
Health_Ministry_(Brazil),2717,Government,1
Health_Ministry_(Canada),2718,Government,1
Health_Ministry_(China),2719,Government,1
Health_Ministry_(Croatia),2720,Government,1
Health_Ministry_(Cuba),2721,Government,1
Health_Ministry_(Cyprus),2722,Government,1
Health_Ministry_(Egypt),2723,Government,1
Health_Ministry_(Guinea),2724,Government,1
Health_Ministry_(Haiti),2725,Government,1
Health_Ministry_(Iran),2726,Government,1
Health_Ministry_(Iraq),2727,Government,1
Health_Ministry_(Japan),2728,Government,1
Health_Ministry_(Jordan),2729,Government,1
Health_Ministry_(Malaysia),2730,Government,1
Health_Ministry_(Mauritania),2731,Government,1
Health_Ministry_(Namibia),2732,Government,1
Health_Ministry_(Nigeria),2733,Government,1
Health_Ministry_(Russia),2734,Government,1
Health_Ministry_(Rwanda),2735,Government,1
Health_Ministry_(Sri_Lanka),2736,Government,1
Health_Ministry_(Syria),2737,Government,1
Health_Ministry_(Taiwan),2738,Government,1
Health_Ministry_(Ukraine),2739,Government,1
Health_Ministry_(United_Arab_Emirates),2740,Government,1
Health_Ministry_(United_Kingdom),2741,Government,1
Health_Ministry_(Venezuela),2742,Government,1
Healthcare_Facility_(Al_Wafa),2743,Person,0
Healthcare_Facility_(Bahrain),2744,Person,0
Healthcare_Facility_(Bulgaria),2745,Person,0
Healthcare_Facility_(Central_African_Republic),2746,Person,0
Healthcare_Facility_(Chad),2747,Person,0
Healthcare_Facility_(Cote_d'Ivoire),2748,Person,0
Healthcare_Facility_(Croatia),2749,Person,0
Healthcare_Facility_(Greece),2750,Person,0
Healthcare_Facility_(Iraq),2751,Person,0
Healthcare_Facility_(Jordan),2752,Person,0
Healthcare_Facility_(Lebanon),2753,Person,0
Healthcare_Facility_(Liberia),2754,Person,0
Healthcare_Facility_(Malaysia),2755,Person,0
Healthcare_Facility_(Mexico),2756,Person,0
Healthcare_Facility_(Saudi_Arabia),2757,Person,0
Healthcare_Facility_(Senegal),2758,Person,0
Healthcare_Facility_(Sudan),2759,Person,0
Healthcare_Facility_(Tanzania),2760,Person,0
Healthcare_Facility_(Tonga),2761,Person,0
Healthcare_Facility_(Ukraine),2762,Person,0
Healthcare_Facility_(Venezuela),2763,Person,0
Healthcare_Facility_(Yemen),2764,Person,0
Healthcare_Facility_(Zimbabwe),2765,Person,0
Heather_Mack,2766,Person,0
Hedayat_Amin_Arsala,2767,Person,0
Helena_Valkova,2768,Person,0
Hell's_Angels,2769,Person,0
Hellenic_Armed_Forces,2770,Military,2
Hellenic_Navy,2771,Military,2
Helmut_Kohl,2772,Person,0
Helsingin_Sanomat,2773,Person,0
Hemant_Soren,2774,Person,0
Heng_Swee_Keat,2775,Person,0
Henk_Kamp,2776,Person,0
Henk_Mudge,2777,Person,0
Henri_Hélou,2778,Person,0
Henri_Konan_Bedie,2779,Person,0
Henry_Kissinger,2780,Person,0
Henry_M._Paulson,2781,Person,0
Henry_Puna,2782,Person,0
Henry_Rotich,2783,Person,0
Heraldo_Muñoz,2784,Person,0
Herbert_Salber,2785,Person,0
Herve_Ladsous,2786,Person,0
Herwig_van_Staa,2787,Person,0
Heydar_Aliyev,2788,Person,0
Hezbe_Wahdat,2789,Person,0
Hezbollah,2790,Political Party,3
High_Commission_(Australia),2791,Government,1
High_Commission_(Georgia),2792,Government,1
High_Commission_(Kyrgyzstan),2793,Government,1
High_Commission_(Malawi),2794,Government,1
High_Commission_(Malaysia),2795,Government,1
High_Commission_(United_Kingdom),2796,Government,1
High_Commission_(Zambia),2797,Government,1
High_Commission_for_Refugees,2798,Government,1
High_Ranking_Military_Personnel_(Angola),2799,Military,2
High_Ranking_Military_Personnel_(Burkina_Faso),2800,Military,2
High_Ranking_Military_Personnel_(Canada),2801,Military,2
High_Ranking_Military_Personnel_(Congo),2802,Military,2
High_Ranking_Military_Personnel_(Cuba),2803,Military,2
High_Ranking_Military_Personnel_(Democratic_Republic_of_Congo),2804,Military,2
High_Ranking_Military_Personnel_(India),2805,Military,2
High_Ranking_Military_Personnel_(Israel),2806,Military,2
High_Ranking_Military_Personnel_(Jordan),2807,Military,2
High_Ranking_Military_Personnel_(Kenya),2808,Military,2
High_Ranking_Military_Personnel_(Malaysia),2809,Military,2
High_Ranking_Military_Personnel_(Mauritania),2810,Military,2
High_Ranking_Military_Personnel_(Namibia),2811,Military,2
High_Ranking_Military_Personnel_(Nepal),2812,Military,2
High_Ranking_Military_Personnel_(Netherlands),2813,Military,2
High_Ranking_Military_Personnel_(Nigeria),2814,Military,2
High_Ranking_Military_Personnel_(North_Korea),2815,Military,2
High_Ranking_Military_Personnel_(Pakistan),2816,Military,2
High_Ranking_Military_Personnel_(Peru),2817,Military,2
High_Ranking_Military_Personnel_(South_Sudan),2818,Military,2
High_Ranking_Military_Personnel_(Sri_Lanka),2819,Military,2
High_Ranking_Military_Personnel_(Syria),2820,Military,2
High_Ranking_Military_Personnel_(Taiwan),2821,Military,2
High_Ranking_Military_Personnel_(Tanzania),2822,Military,2
High_Ranking_Military_Personnel_(United_Arab_Emirates),2823,Military,2
High_Ranking_Military_Personnel_(United_Kingdom),2824,Military,2
High_Ranking_Military_Personnel_(Venezuela),2825,Military,2
Higher_Colleges_of_Technology,2826,Person,0
Hindu_(Kazakhstan),2827,Person,0
Hindu_(Malaysia),2828,Person,0
Hisham_Barakat,2829,Person,0
Hisham_Zaazou,2830,Person,0
Hitman_(China),2831,Person,0
Hitman_(Mexico),2832,Person,0
Hitman_(Russia),2833,Person,0
Hoang_Tuan_Anh,2834,Person,0
Holding_Company_(Bahrain),2835,Business,5
Holding_Company_(New_Zealand),2836,Business,5
Holding_Company_(Nigeria),2837,Business,5
Holy_Man_(India),2838,Person,0
Holy_See,2839,Person,0
Homeland_Union_–_Lithuanian_Christian_Democrats,2840,Political Party,3
Honorary_Consul_(Liberia),2841,Person,0
Honorary_Consul_(Lithuania),2842,Person,0
Honorary_Consul_(United_Arab_Emirates),2843,Person,0
Horacio_Cartes,2844,Person,0
Horacio_González,2845,Person,0
Horacio_Jaunarena,2846,Person,0
Hossein_Ali_Amiri,2847,Person,0
Hossein_Salami,2848,Person,0
House_Armed_Services_Committee,2849,Organization,4
House_Speaker_(Cameroon),2850,Person,0
House_Speaker_(Iraq),2851,Person,0
House_Speaker_(Kenya),2852,Person,0
House_Speaker_(Liberia),2853,Person,0
House_Speaker_(Philippines),2854,Person,0
House_Speaker_(Thailand),2855,Person,0
House_Speaker_(United_Kingdom),2856,Person,0
House_Speaker_(United_States),2857,Person,0
House_of_Chiefs,2858,Person,0
House_of_Councillors_(Japan),2859,Government,1
House_of_Representatives_(Argentina),2860,Government,1
House_of_Representatives_(Australia),2861,Government,1
House_of_Representatives_(Bahrain),2862,Government,1
House_of_Representatives_(Czech_Republic),2863,Government,1
House_of_Representatives_(Dominican_Republic),2864,Government,1
House_of_Representatives_(Indonesia),2865,Government,1
House_of_Representatives_(Japan),2866,Government,1
House_of_Representatives_(Jordan),2867,Government,1
House_of_Representatives_(Malaysia),2868,Government,1
House_of_Representatives_(Myanmar),2869,Government,1
House_of_Representatives_(Russia),2870,Government,1
House_of_Representatives_(Sudan),2871,Government,1
House_of_Representatives_(Tajikistan),2872,Government,1
House_of_Representatives_(United_States),2873,Government,1
House_of_Representatives_(Uruguay),2874,Government,1
Hu_Deping,2875,Person,0
Huang_Ching-tai,2876,Person,0
Huang_Kun-huei,2877,Person,0
Hubert_Alexander_Ingraham,2878,Person,0
Hugo_Carvajal,2879,Person,0
Hugo_Moyano,2880,Person,0
Hugo_Swire,2881,Person,0
Human_Rights_Activist_(Azerbaijan),2882,Person,0
Human_Rights_Activist_(Cambodia),2883,Person,0
Human_Rights_Activist_(China),2884,Person,0
Human_Rights_Activist_(Kuwait),2885,Person,0
Human_Rights_Activist_(Nigeria),2886,Person,0
Human_Rights_Activist_(Sudan),2887,Person,0
Human_Rights_Commission_(Mexico),2888,Government,1
Human_Rights_Commission_(Nigeria),2889,Government,1
Human_Rights_Commission_(Pakistan),2890,Government,1
Human_Rights_Commission_(South_Africa),2891,Government,1
Human_Rights_Commission_(South_Korea),2892,Government,1
Human_Rights_Commission_(Swaziland),2893,Government,1
Human_Rights_Group_(Australia),2894,Organization,4
Human_Rights_Group_(Bangladesh),2895,Organization,4
Human_Rights_Group_(Cambodia),2896,Organization,4
Human_Rights_Group_(Haiti),2897,Organization,4
Human_Rights_Group_(India),2898,Organization,4
Human_Rights_Group_(Malaysia),2899,Organization,4
Human_Rights_Group_(Mexico),2900,Organization,4
Human_Rights_Group_(Morocco),2901,Organization,4
Human_Rights_Group_(Nigeria),2902,Organization,4
Human_Rights_Group_(Thailand),2903,Organization,4
Human_Rights_Group_(Ukraine),2904,Organization,4
Human_Rights_Group_(Zimbabwe),2905,Organization,4
Human_Rights_Watch,2906,Organization,4
Humberto_Schiavoni,2907,Person,0
Hun_Sen,2908,Person,0
Hung_Hsiu-chu,2909,Person,0
Hunter_(Cote_d'Ivoire),2910,Person,0
Hunter_(Nigeria),2911,Person,0
Hunter_(Russia),2912,Person,0
Hunter_(Spain),2913,Person,0
Hunter_(Yemen),2914,Person,0
Husam_Mughazi,2915,Person,0
Hussein_Defallah_Al-Awadi,2916,Person,0
Hynek_Kmoníček,2917,Person,0
Hyon_Yong_Chol,2918,Person,0
Héctor_Beltrán_Leyva,2919,Person,0
Héctor_Méndez,2920,Person,0
Héctor_Palacios_Ruíz,2921,Person,0
ITAR_TASS,2922,Person,0
Ian_Macdonald,2923,Person,0
Ian_Paisley,2924,Person,0
Ibrahim_Baré_Maïnassara,2925,Person,0
Ibrahim_Boubacar_Keïta,2926,Person,0
Ibrahim_Hassan_Dankwambo,2927,Person,0
Ibrahim_Hassan_Saif,2928,Person,0
Ibrahim_Idris,2929,Person,0
Ibrahim_Saminu_Turaki,2930,Person,0
Ibrahim_Shehu_Shema,2931,Person,0
Ibrahim_Shekarau,2932,Person,0
Ibrahima_Moctar_Sarr,2933,Person,0
Iftikhar_Muhammad_Chaudhry,2934,Person,0
Ignazio_Marino,2935,Person,0
Igor_Ivanovich_Shuvalov,2936,Person,0
Ijaw_Youth_Council,2937,Organization,4
Ilias_Kasidiaris,2938,Person,0
Ilich_Ramírez_Sánchez,2939,Person,0
Ilkka_Kanerva,2940,Person,0
Illegal_Immigrant_(Albania),2941,Person,0
Illegal_Immigrant_(Bolivia),2942,Person,0
Illegal_Immigrant_(Greece),2943,Person,0
Illegal_Immigrant_(Italy),2944,Person,0
Illegal_Immigrant_(Kenya),2945,Person,0
Illegal_Immigrant_(Libya),2946,Person,0
Illegal_Immigrant_(Saudi_Arabia),2947,Person,0
Illegal_Immigrant_(Vietnam),2948,Person,0
Illegal_Immigrant_(Xinjiang Uyghur),2949,Person,0
Imad_Mugniyah,2950,Person,0
Imedi_TV,2951,Media,7
Immigrants_(Cambodia),2952,Person,0
Immigrants_(Canada),2953,Person,0
Immigrants_(Cote_d'Ivoire),2954,Person,0
Immigrants_(Cuba),2955,Person,0
Immigrants_(Ecuador),2956,Person,0
Immigrants_(Eritrea),2957,Person,0
Immigrants_(Ethiopia),2958,Person,0
Immigrants_(France),2959,Person,0
Immigrants_(Guatemala),2960,Person,0
Immigrants_(Hong_Kong),2961,Person,0
Immigrants_(Libya),2962,Person,0
Immigrants_(Luxembourg),2963,Person,0
Immigrants_(Maldives),2964,Person,0
Immigrants_(Myanmar),2965,Person,0
Immigrants_(Poland),2966,Person,0
Immigrants_(Somalia),2967,Person,0
Immigrants_(South_Africa),2968,Person,0
Immigrants_(Sudan),2969,Person,0
Immigrants_(Tajikistan),2970,Person,0
Immigrants_(United_States),2971,Person,0
Immigrants_(Yemen),2972,Person,0
Immigrants_(Zambia),2973,Person,0
Imran_Khan,2974,Person,0
Imtiaz_Sooliman,2975,Person,0
Inan_Ozyildiz,2976,Person,0
Incheon_District_Court,2977,Government,1
Independence_Party,2978,Political Party,3
Independent_Corrupt_Practices_Commission,2979,Government,1
Independent_Democratic_Action,2980,Person,0
Independent_Electoral_Commission_(Niger),2981,Government,1
Independent_High_Electoral_Commission,2982,Government,1
Indigenous_People_(Azerbaijan),2983,Person,0
Indigenous_People_(Bahrain),2984,Person,0
Indigenous_People_(Bangladesh),2985,Person,0
Indigenous_People_(Belgium),2986,Person,0
Indigenous_People_(Brazil),2987,Person,0
Indigenous_People_(Central_African_Republic),2988,Person,0
Indigenous_People_(Congo),2989,Person,0
Indigenous_People_(Cote_d'Ivoire),2990,Person,0
Indigenous_People_(Croatia),2991,Person,0
Indigenous_People_(Ecuador),2992,Person,0
Indigenous_People_(Ethiopia),2993,Person,0
Indigenous_People_(Greece),2994,Person,0
Indigenous_People_(Guatemala),2995,Person,0
Indigenous_People_(India),2996,Person,0
Indigenous_People_(Israel),2997,Person,0
Indigenous_People_(Jordan),2998,Person,0
Indigenous_People_(Kenya),2999,Person,0
Indigenous_People_(Malawi),3000,Person,0
Indigenous_People_(Malaysia),3001,Person,0
Indigenous_People_(Nigeria),3002,Person,0
Indigenous_People_(North_Korea),3003,Person,0
Indigenous_People_(Norway),3004,Person,0
Indigenous_People_(Pakistan),3005,Person,0
Indigenous_People_(Portugal),3006,Person,0
Indigenous_People_(Somalia),3007,Person,0
Indigenous_People_(South_Africa),3008,Person,0
Indigenous_People_(South_Korea),3009,Person,0
Indigenous_People_(South_Sudan),3010,Person,0
Indigenous_People_(Syria),3011,Person,0
Indigenous_People_(Taiwan),3012,Person,0
Indigenous_People_(Tanzania),3013,Person,0
Indigenous_People_(Thailand),3014,Person,0
Indigenous_People_(Turkey),3015,Person,0
Indigenous_People_(Uganda),3016,Person,0
Indigenous_People_(United_Kingdom),3017,Person,0
Indigenous_People_(United_States),3018,Person,0
Industrial_/_Textiles_/_Mining_Ministry_(Azerbaijan),3019,Government,1
Industrial_/_Textiles_/_Mining_Ministry_(China),3020,Government,1
Industrial_/_Textiles_/_Mining_Ministry_(Egypt),3021,Government,1
Industrial_/_Textiles_/_Mining_Ministry_(Iraq),3022,Government,1
Industrial_/_Textiles_/_Mining_Ministry_(Malawi),3023,Government,1
Industrial_/_Textiles_/_Mining_Ministry_(Papua_New_Guinea),3024,Government,1
Industrial_/_Textiles_/_Mining_Ministry_(Sudan),3025,Government,1
Industrial_/_Textiles_/_Mining_Ministry_(Tajikistan),3026,Government,1
Industrial_/_Textiles_/_Mining_Ministry_(Tanzania),3027,Government,1
Industrial_/_Textiles_/_Mining_Ministry_(Vietnam),3028,Government,1
Industrial_Development_Corporation_of_Zimbabwe,3029,Business,5
Industry_(Africa),3030,Person,0
Industry_(Argentina),3031,Person,0
Industry_(Botswana),3032,Person,0
Industry_(China),3033,Person,0
Industry_(Denmark),3034,Person,0
Industry_(Guatemala),3035,Person,0
Industry_(India),3036,Person,0
Industry_(Mauritania),3037,Person,0
Industry_(South_Africa),3038,Person,0
Industry_(Taiwan),3039,Person,0
Industry_(Thailand),3040,Person,0
Industry_(Tunisia),3041,Person,0
Industry_(Turkey),3042,Person,0
Information_/_Communication_/_Transparency_Ministry_(Cameroon),3043,Government,1
Information_/_Communication_/_Transparency_Ministry_(China),3044,Government,1
Information_/_Communication_/_Transparency_Ministry_(Egypt),3045,Government,1
Information_/_Communication_/_Transparency_Ministry_(France),3046,Government,1
Information_/_Communication_/_Transparency_Ministry_(Guinea),3047,Government,1
Information_/_Communication_/_Transparency_Ministry_(Indonesia),3048,Government,1
Information_/_Communication_/_Transparency_Ministry_(Iraq),3049,Government,1
Information_/_Communication_/_Transparency_Ministry_(Ireland),3050,Government,1
Information_/_Communication_/_Transparency_Ministry_(Jordan),3051,Government,1
Information_/_Communication_/_Transparency_Ministry_(Kazakhstan),3052,Government,1
Information_/_Communication_/_Transparency_Ministry_(Liberia),3053,Government,1
Information_/_Communication_/_Transparency_Ministry_(Oman),3054,Government,1
Information_/_Communication_/_Transparency_Ministry_(Romania),3055,Government,1
Information_/_Communication_/_Transparency_Ministry_(Russia),3056,Government,1
Information_/_Communication_/_Transparency_Ministry_(Singapore),3057,Government,1
Information_/_Communication_/_Transparency_Ministry_(South_Africa),3058,Government,1
Information_Ministry_(Ghana),3059,Government,1
Information_Ministry_(India),3060,Government,1
Information_Ministry_(Iran),3061,Government,1
Information_Ministry_(Iraq),3062,Government,1
Information_Ministry_(Lebanon),3063,Government,1
Information_Ministry_(Madagascar),3064,Government,1
Information_Ministry_(Saudi_Arabia),3065,Government,1
Information_Ministry_(Venezuela),3066,Government,1
Information_Ministry_(Zambia),3067,Government,1
Infosys,3068,Location/Other,8
Ingrid_Betancourt_Pulecio,3069,Government,1
Ingush,3070,Location/Other,8
Inquirer,3071,Location/Other,8
Inspector_General_(Colombia),3072,Military,2
Inspector_General_(Nepal),3073,Military,2
Inspector_General_(Pakistan),3074,Military,2
Inspector_General_(Philippines),3075,Military,2
Inspector_General_(Thailand),3076,Military,2
Inspector_General_of_Police_and_Customs,3077,Military,2
Insurgency_(Boko_Haram),3078,Person,0
Insurgent_(Abu_Sayyaf),3079,Military,2
Insurgent_(Afghanistan),3080,Military,2
Insurgent_(Al_Qaeda),3081,Military,2
Insurgent_(Algeria),3082,Military,2
Insurgent_(Cameroon),3083,Military,2
Insurgent_(Colombia),3084,Military,2
Insurgent_(Fula_people),3085,Military,2
Insurgent_(Islamic_State_of_Iraq_and_the_Levant),3086,Military,2
Insurgent_(Thailand),3087,Military,2
Insurgent_(Turkey),3088,Military,2
Insurgent_(Yemen),3089,Military,2
Insurgent_Leader_(Thailand),3090,Military,2
Intellectual_(Bangladesh),3091,Person,0
Intellectual_(Brazil),3092,Person,0
Intellectual_(Egypt),3093,Person,0
Intellectual_(France),3094,Person,0
Intellectual_(Morocco),3095,Person,0
Intellectual_(Somalia),3096,Person,0
Intellectual_(Yemen),3097,Person,0
Intelligence_(Crime_Intelligence),3098,Person,0
Intelligence_(France),3099,Person,0
Intelligence_(India),3100,Person,0
Intelligence_(Iran),3101,Person,0
Intelligence_(Nigeria),3102,Person,0
Intelligence_(Philippines),3103,Person,0
Intelligence_(Romania),3104,Person,0
Intelligence_(Sudan),3105,Person,0
Intelligence_(United_Kingdom),3106,Person,0
Intelligence_(United_States),3107,Person,0
Intelligence_(Yemen),3108,Person,0
Intelligence_Chief_(Egypt),3109,Person,0
Intelligence_Chief_(India),3110,Person,0
Intelligence_Chief_(Libya),3111,Person,0
Intelligence_Chief_(Philippines),3112,Person,0
Intelligence_Chief_(Somalia),3113,Person,0
Intelligence_Chief_(South_Korea),3114,Person,0
Intelligence_Chief_(Sudan),3115,Person,0
Intelligence_Chief_(Thailand),3116,Person,0
Intelligence_Chief_(United_States),3117,Person,0
Intelligence_Officer_(Canada),3118,Person,0
Intelligence_Officer_(Czech_Republic),3119,Person,0
Intelligence_Officer_(Egypt),3120,Person,0
Intelligence_Officer_(Estonia),3121,Person,0
Intelligence_Officer_(Libya),3122,Person,0
Intelligence_Officer_(Philippines),3123,Person,0
Intelligence_Officer_(Qatar),3124,Person,0
Intelligence_Officer_(Somalia),3125,Person,0
Intelligence_Officer_(South_Africa),3126,Person,0
Intelligence_Officer_(South_Korea),3127,Person,0
Intelligence_Officer_(United_Arab_Emirates),3128,Person,0
Intelligence_Officer_(United_States),3129,Person,0
Intelligence_and_Security_Committee,3130,Organization,4
Inter-Services_Intelligence,3131,Person,0
Inter_Service_Intelligence_(Pakistan),3132,Person,0
Interfax,3133,Media,7
Interim_Government_(Afghanistan),3134,Government,1
Interim_Government_(Central_African_Republic),3135,Government,1
Interim_Government_(Egypt),3136,Government,1
Interim_Government_(Thailand),3137,Government,1
Interim_Government_(Yemen),3138,Government,1
Interim_Leader_(Central_African_Republic),3139,Person,0
Internal_Security_Operations_Command,3140,Person,0
International_Association_Of_Democratic_Lawyers,3141,Organization,4
International_Court_of_Justice,3142,Government,1
International_Energy_Agency,3143,Person,0
International_Federation_of_Human_Rights,3144,Person,0
International_Federation_of_Journalists,3145,Person,0
International_Federation_of_Red_Cross_and_Red_Crescent_Societies,3146,Person,0
International_Government_Organizations,3147,Organization,4
International_Maritime_Organization,3148,Organization,4
International_Monetary_Fund,3149,Organization,4
International_Rescue_Committee,3150,Organization,4
Interparliamentary_Union,3151,Political Party,3
Intigam_Aliyev,3152,Person,0
Ion_Iliescu,3153,Person,0
Irakli_Alasania,3154,Person,0
Iran,3155,Location/Other,8
Iran_Khodro_Company,3156,Business,5
Iranian_Kurds,3157,Person,0
Iranian_Parliament,3158,Government,1
Iraq,3159,Location/Other,8
Iraqi_Communist_Party,3160,Political Party,3
Iraqi_Islamic_Party,3161,Political Party,3
Ireland,3162,Location/Other,8
Isa_Ayo_Salami,3163,Person,0
Isaac_Kiprono_Ruto,3164,Person,0
Isaaq,3165,Location/Other,8
Isabel_Carrasco,3166,Person,0
Isabel_Peron,3167,Person,0
Isaias_Afewerki,3168,Person,0
Isao_Iijima,3169,Person,0
Isatou_Njie-Saidy,3170,Person,0
Ishaq_Dar,3171,Person,0
Ishratul_Ebad,3172,Person,0
Islam_Karimov,3173,Person,0
Islamic_(Afghanistan),3174,Person,0
Islamic_(India),3175,Person,0
Islamic_(Lebanon),3176,Person,0
Islamic_(Morocco),3177,Person,0
Islamic_(Nigeria),3178,Person,0
Islamic_(Syria),3179,Person,0
Islamic_Azad_University,3180,Education,6
Islamic_Coalition_Party,3181,Political Party,3
Islamic_Extremist_Group_(Afghanistan),3182,Organization,4
Islamic_Extremist_Group_(Iraq),3183,Organization,4
Islamic_Extremist_Group_(Philippines),3184,Organization,4
Islamic_Extremist_Group_(Syria),3185,Organization,4
Islamic_Militant_(Cameroon),3186,Person,0
Islamic_Militant_(Egypt),3187,Person,0
Islamic_Militant_(India),3188,Person,0
"Islamic_Militant_(Palestinian_Territory,_Occupied)",3189,Person,0
Islamic_Militant_(Philippines),3190,Person,0
Islamic_Militant_(Syria),3191,Person,0
Islamic_Preacher_(Afghanistan),3192,Person,0
Islamic_Preacher_(Australia),3193,Person,0
Islamic_Preacher_(Bulgaria),3194,Person,0
Islamic_Preacher_(Ghana),3195,Person,0
Islamic_Preacher_(India),3196,Person,0
Islamic_Preacher_(Iran),3197,Person,0
Islamic_Preacher_(Israel),3198,Person,0
Islamic_Preacher_(Jordan),3199,Person,0
Islamic_Preacher_(Kenya),3200,Person,0
Islamic_Preacher_(Qatar),3201,Person,0
Islamic_Preacher_(Russia),3202,Person,0
Islamic_Preacher_(Senegal),3203,Person,0
Islamic_Preacher_(South_Africa),3204,Person,0
Islamic_Rebel_(Philippines),3205,Military,2
Islamic_Rebel_(Syria),3206,Military,2
Islamic_Rebirth_Party,3207,Political Party,3
Islamic_Republic_of_Iran_Broadcasting,3208,Person,0
Isma'iliya,3209,Location/Other,8
Ismet_Yilmaz,3210,Person,0
Israeli_Defense_Forces,3211,Military,2
Issa_Qaraqe,3212,Person,0
Iurie_Leanca,3213,Person,0
Ivan_Fuksa,3214,Person,0
Ivan_Gasparovic,3215,Person,0
Ivan_Jakovčić,3216,Person,0
Ivan_Safronov,3217,Person,0
Ivari_Padar,3218,Person,0
Ivaylo_Moskovski,3219,Person,0
Ivo_H._Daalder,3220,Person,0
Iván_Velázquez-Caballero,3221,Person,0
Iyad_Ameen_Madani,3222,Person,0
Iñigo_Urkullu,3223,Person,0
J.P._Sharma,3224,Person,0
J._Tytler,3225,Person,0
Jaber_Mubarak_Al-Sabah,3226,Person,0
Jacek_Rostowski,3227,Person,0
Jack_Dalrymple,3228,Person,0
Jack_Dempsey,3229,Person,0
Jack_Lang,3230,Person,0
Jack_Snelling,3231,Person,0
Jack_Straw,3232,Person,0
Jackson_Mandago,3233,Person,0
Jacob_J._Lew,3234,Person,0
Jacob_Oulanyah,3235,Person,0
Jacob_Walles,3236,Person,0
Jagadish_Shettar,3237,Person,0
Jagdish_Mukhi,3238,Person,0
Jagir_Singh,3239,Person,0
Jaime_Trobo,3240,Person,0
Jakaya_Mrisho_Kikwete,3241,Person,0
Jakrapob_Penkair,3242,Person,0
Jakup_Krasniqi,3243,Person,0
James_Cavallaro,3244,Person,0
James_Ongwae,3245,Person,0
James_P._McGovern,3246,Person,0
James_Rubin,3247,Person,0
James_Selfe,3248,Person,0
James_T._Hill,3249,Person,0
James_Wani_Igga,3250,Person,0
Jamil_Mahuad,3251,Person,0
Jan_Kohout,3252,Person,0
Jan_Mládek,3253,Person,0
Jan_Pejsek,3254,Person,0
Janardan_Dwivedi,3255,Person,0
Janata,3256,Location/Other,8
Jane_Marriott,3257,Person,0
Janez_Jansa,3258,Person,0
Janis_Bordans,3259,Person,0
Janis_Urbanovics,3260,Person,0
Janos_Lazar,3261,Person,0
Japan,3262,Location/Other,8
Japan_Restoration_Party,3263,Political Party,3
Japan_Self-Defense_Forces,3264,Military,2
Jaques_Wagner,3265,Person,0
Jaroslaw_Kaczynski,3266,Person,0
Jason_C._Hu,3267,Person,0
Jason_Kenney,3268,Person,0
Jatuporn_Prompan,3269,Person,0
Javed_Iqbal,3270,Person,0
Javier_Gonzalez_Fraga,3271,Person,0
Javier_Solana,3272,Person,0
Jawad_al-Bulani,3273,Person,0
Jawaharlal_Nehru,3274,Person,0
Jay_Inslee,3275,Person,0
Jay_Rockefeller,3276,Person,0
Jayant_Patel,3277,Person,0
Jayant_Sinha,3278,Person,0
Jaysh_al-Islam,3279,Person,0
Jean-Bertrand_Aristide,3280,Person,0
Jean-Luc_Dehaene,3281,Person,0
Jean-Michel_Baylet,3282,Person,0
Jean-Yves_Le_Drian,3283,Person,0
Jean_Chrétien,3284,Person,0
Jean_Qahwaji,3285,Person,0
Jeannot_Kouadio_Ahoussou,3286,Person,0
Jeff_Seeney,3287,Person,0
Jeffrey_Fowle,3288,Person,0
Jeh_Johnson,3289,Person,0
Jens_Stoltenberg,3290,Person,0
Jens_Weidmann,3291,Person,0
Jeremy_Clarkson,3292,Person,0
Jeroen_Dijsselbloem,3293,Person,0
Jerry_Brown,3294,Person,0
Jerry_Ekandjo,3295,Person,0
Jerry_John_Rawlings,3296,Person,0
Jesse_Chacón,3297,Person,0
Jew_(Egypt),3298,Person,0
Jew_(Ireland),3299,Person,0
Jew_(Israel),3300,Person,0
Jew_(Morocco),3301,Person,0
Jew_(North_America),3302,Person,0
Jewel_Howard-Taylor,3303,Person,0
Jide_Awe,3304,Person,0
Jigme_Khesar_Namgyal_Wangchuk,3305,Person,0
Jim_Moran,3306,Person,0
Jirí_Pospísil,3307,Person,0
Jitan_Ram_Manjhi,3308,Person,0
Joachim_Gauck,3309,Person,0
Joan_Burton,3310,Person,0
Joanne_Liu,3311,Person,0
Joao_Lourenco,3312,Person,0
Joaquim_Barbosa,3313,Person,0
Joaquim_Vieira_Ferreira_Levy,3314,Person,0
Job_Amupanda,3315,Person,0
Jobbik,3316,Location/Other,8
Joe_Igbokwe,3317,Person,0
Joe_Manchin,3318,Person,0
Joe_Natuman,3319,Person,0
Joe_Oliver,3320,Person,0
Johannesburg_High_Court,3321,Government,1
John_Baird,3322,Person,0
John_Baptist_Odama,3323,Person,0
John_Bercow,3324,Person,0
John_Boehner,3325,Person,0
John_Brennan,3326,Person,0
John_Brumby,3327,Person,0
John_Bruton,3328,Person,0
John_Campbell,3329,Person,0
John_Delaney,3330,Person,0
John_Dramani_Mahama,3331,Person,0
John_E._Potter,3332,Person,0
John_F._Kelly,3333,Person,0
John_Faulkner,3334,Person,0
John_Garang,3335,Person,0
John_Ging,3336,Person,0
John_Githongo,3337,Person,0
John_Hamre,3338,Person,0
John_Hoeven,3339,Person,0
John_Hogg,3340,Person,0
John_Kerry,3341,Person,0
John_Major,3342,Person,0
John_McCallum,3343,Person,0
John_Momis,3344,Person,0
John_Odigie-Oyegun,3345,Person,0
John_P._Wilson,3346,Person,0
John_Paul_II,3347,Person,0
John_Pombe_Magufuli,3348,Person,0
John_Robertson,3349,Person,0
John_Sopko,3350,Person,0
John_Tefft,3351,Person,0
John_Walker,3352,Person,0
Johnny_Araya_Monge,3353,Person,0
Johnson_&_Johnson,3354,Person,0
Joint_Chiefs_of_Staff_(Malaysia),3355,Person,0
Joint_Chiefs_of_Staff_(United_States),3356,Person,0
Joint_Chiefs_of_Staff_(Vietnam),3357,Person,0
Jonah_David_Jang,3358,Person,0
Jonas_Vytautas_Žukas,3359,Person,0
Jonathan_Greenert,3360,Person,0
Jonathan_Moyo,3361,Person,0
Jonathan_Powell,3362,Person,0
Jonathan_Vatsa,3363,Person,0
Jorge_Enrique_Rodríguez,3364,Person,0
Jorge_Enrique_Taiana,3365,Person,0
Jorge_Mejia,3366,Person,0
Jorge_Todesca,3367,Person,0
Joschka_Fischer,3368,Person,0
Jose_Ines_Castillo_Martinez,3369,Person,0
Jose_Luis_de_Matos,3370,Person,0
Jose_Ma._Zubiri,3371,Person,0
Jose_Mario_Vaz,3372,Person,0
Jose_de_Lima_Massano,3373,Person,0
Joselito_Atienza,3374,Person,0
Joseph_Kabila,3375,Person,0
Joseph_Katema,3376,Person,0
Joseph_Kony,3377,Person,0
Joseph_Ole_Lenku,3378,Person,0
Joseph_Ole_Nkaissery,3379,Person,0
Joseph_Robinette_Biden,3380,Person,0
Joseph_Sinde_Warioba,3381,Person,0
Joseph_Stalin,3382,Person,0
Joseph_Stiglitz,3383,Person,0
Josh_Earnest,3384,Person,0
Joshua_Wong,3385,Person,0
Josip_Broz_Tito,3386,Person,0
José_Aponte,3387,Person,0
José_David_Cabello,3388,Person,0
José_Dirceu_de_Oliveira_e_Silva,3389,Person,0
José_Guillermo_Rodríguez,3390,Person,0
José_Juan_Bautista_Pampuro,3391,Person,0
José_Miguel_Insulza,3392,Person,0
José_Miguel_Ortiz,3393,Person,0
José_Miguel_Vivanco,3394,Person,0
João_Baptista_Kussumua,3395,Person,0
Juan_Antonio_Coloma,3396,Person,0
Juan_Carlos_Eguren,3397,Person,0
Juan_Carlos_Fabrega,3398,Person,0
Juan_Carlos_I,3399,Person,0
Juan_Carlos_Mendoza,3400,Person,0
Juan_Carlos_Pinzon,3401,Person,0
Juan_Carlos_Romero,3402,Person,0
Juan_Fernando_Cristo,3403,Person,0
Juan_Luis_Manzur,3404,Person,0
Juan_del_Granado,3405,Person,0
Jubo_League,3406,Political Party,3
Jubril_Martins-Kuye,3407,Person,0
Juhan_Parts,3408,Person,0
Julia_Gillard,3409,Person,0
Julian_Paul_Assange,3410,Person,0
Julie_Bishop,3411,Person,0
Julien_Paluku_Kahongya,3412,Person,0
Julio_Cobos,3413,Person,0
Julio_Velarde,3414,Person,0
Julius_Malema,3415,Person,0
Junaid_Thorne,3416,Person,0
Jund_al-Aqsa,3417,Person,0
Junior_Chamber_International,3418,Person,0
Juozas_Bernatonis,3419,Person,0
Justice_Department/Ministery_(Afghanistan),3420,Government,1
Justice_Department/Ministery_(Argentina),3421,Government,1
Justice_Department/Ministery_(Azerbaijan),3422,Government,1
Justice_Department/Ministery_(Colombia),3423,Government,1
Justice_Department/Ministery_(Congo),3424,Government,1
Justice_Department/Ministery_(Czech_Republic),3425,Government,1
Justice_Department/Ministery_(Democratic_Republic_of_Congo),3426,Government,1
Justice_Department/Ministery_(Ecuador),3427,Government,1
Justice_Department/Ministery_(El_Salvador),3428,Government,1
Justice_Department/Ministery_(France),3429,Government,1
Justice_Department/Ministery_(India),3430,Government,1
Justice_Department/Ministery_(Libya),3431,Government,1
Justice_Department/Ministery_(Lithuania),3432,Government,1
Justice_Department/Ministery_(Luxembourg),3433,Government,1
Justice_Department/Ministery_(Mexico),3434,Government,1
Justice_Department/Ministery_(Nepal),3435,Government,1
Justice_Department/Ministery_(Niger),3436,Government,1
Justice_Department/Ministery_(Pakistan),3437,Government,1
Justice_Department/Ministery_(Philippines),3438,Government,1
Justice_Department/Ministery_(Portugal),3439,Government,1
Justice_Department/Ministery_(Romania),3440,Government,1
Justice_Department/Ministery_(Senegal),3441,Government,1
Justice_Department/Ministery_(Slovakia),3442,Government,1
Justice_Department/Ministery_(South_Korea),3443,Government,1
Justice_Department/Ministery_(Sri_Lanka),3444,Government,1
Justice_Department/Ministery_(Switzerland),3445,Government,1
Justice_Department/Ministery_(Thailand),3446,Government,1
Justice_Department/Ministery_(Tunisia),3447,Government,1
Justice_Department/Ministery_(Ukraine),3448,Government,1
Justice_Department/Ministery_(Vietnam),3449,Government,1
Justice_and_Development_Party,3450,Political Party,3
Justice_and_Equality_Movement,3451,Political Party,3
Justicialist_Party,3452,Political Party,3
Justin_Koumba,3453,Person,0
Justin_Trudeau,3454,Person,0
Justin_Welby,3455,Person,0
Jusuf_Kalla,3456,Person,0
Jute_and_Textiles_(India),3457,Person,0
Juventud_Rebelde,3458,Person,0
Jyrki_Katainen,3459,Person,0
János_Martonyi,3460,Person,0
János_Áder,3461,Person,0
Kabul_University,3462,Education,6
Kaci_Hickox,3463,Person,0
Kader_Arif,3464,Person,0
Kaduna_State_Police,3465,Military,2
Kahinda_Otafiire,3466,Person,0
Kakar_Tribe,3467,Person,0
Kakwa,3468,Location/Other,8
Kalenjin,3469,Location/Other,8
Kamal_Kharazi,3470,Person,0
Kamal_al-Labwani,3471,Person,0
Kamaladdin_Heydarov,3472,Person,0
Kamalesh_Sharma,3473,Person,0
Kamba,3474,Location/Other,8
Kamla_Persad-Bissessar,3475,Person,0
Kamran_Khan,3476,Person,0
Kano_Emirate,3477,Person,0
Kapil_Sibal,3478,Person,0
Kaptan_Singh_Solanki,3479,Person,0
Karen_Andreasyan,3480,Person,0
Karim_Wade,3481,Person,0
Karin_Enström,3482,Person,0
Karl_Erjavec,3483,Person,0
Kashim_Shettima,3484,Person,0
Kashmir_Singh,3485,Person,0
Kashmiri_Separatist,3486,Person,0
Katarzyna_Pelczynska-Nalecz,3487,Person,0
Kathleen_Stephens,3488,Person,0
Kathleen_Wynne,3489,Person,0
Kathy_Gannon,3490,Person,0
Katoo_Ole_Metito,3491,Person,0
Kaushik_Patel,3492,Person,0
Kayode_Aderanti,3493,Person,0
Kayode_Fayemi,3494,Person,0
Kazakhstan,3495,Location/Other,8
Kazumi_Matsui,3496,Person,0
Keat_Chhon,3497,Person,0
Keiji_Furuya,3498,Person,0
Keith_Rowley,3499,Person,0
Kem_Sokha,3500,Person,0
Kema_Chikwe,3501,Person,0
Kembo_Dugish_Campbell_Mohadi,3502,Person,0
Kenneth_Clarke,3503,Person,0
Kenneth_Roth,3504,Person,0
Kenya_Airways,3505,Person,0
Kenya_Army,3506,Military,2
Kenya_Civil_Aviation_Authority,3507,Government,1
Kenya_Television_Network,3508,Person,0
Keriako_Tobiko,3509,Person,0
Keshari_Nath_Tripathi,3510,Person,0
Kevin_Rudd,3511,Person,0
Kgalema_Petrus_Motlanthe,3512,Person,0
Khadija_Ismayilova,3513,Person,0
Khalaf_Abdul_Samad,3514,Person,0
Khaled_Bahah,3515,Person,0
Khaled_al-Obeidi,3516,Person,0
Khalid_Khattak,3517,Person,0
Khalid_bin_Ali_Al_Khalifa,3518,Person,0
Khemraj_Ramjattan,3519,Person,0
Khmer_Rouge,3520,Person,0
Kidnapper_(Afghanistan),3521,Person,0
Kidnapper_(Argentina),3522,Person,0
Kidnapper_(Greece),3523,Person,0
Kidnapper_(Indonesia),3524,Person,0
Kidnapper_(Libya),3525,Person,0
Kidnapper_(Malaysia),3526,Person,0
Kidnapper_(Mexico),3527,Person,0
Kidnapper_(Qatar),3528,Person,0
Kidnapper_(Taiwan),3529,Person,0
Kiev_police,3530,Military,2
Kiichi_Miyazawa,3531,Person,0
Kikuyu,3532,Location/Other,8
Kim_Daejung,3533,Person,0
Kim_Hwang_Sik,3534,Person,0
Kim_Jong-Un,3535,Person,0
Kim_Yong_Il,3536,Person,0
Kimani_Wamatangi,3537,Person,0
King_Pu-tsung,3538,Person,0
Kiran_Bedi,3539,Person,0
Kisii,3540,Location/Other,8
Kit_Siang,3541,Person,0
Kittiratt_Na-Ranong,3542,Person,0
Kivutha_Kibwana,3543,Person,0
Klaus_Johannis,3544,Person,0
Klaus_Schwab,3545,Person,0
Kober_prison,3546,Person,0
Kocheril_Narayanan,3547,Person,0
Kofi_Annan,3548,Person,0
Konstantin_Dolgov,3549,Person,0
Korean_Confederation_of_Trade_Unions,3550,Political Party,3
Korean_Workers_Party,3551,Political Party,3
Kouadio_Konan_Bertin,3552,Person,0
Koya_Nishikawa,3553,Person,0
Kozo_Watanabe,3554,Person,0
Krisjanis_Karins,3555,Person,0
Kristiina_Ojuland,3556,Person,0
Ksenia_Yudayeva,3557,Person,0
Kuan_Chung-ming,3558,Person,0
Kulbir_Singh,3559,Person,0
Kulwant_Singh,3560,Person,0
Kumba_Ialá,3561,Person,0
Kundy_Pahiama,3562,Person,0
Kuol_Manyang_Juuk,3563,Person,0
Kuomintang,3564,Political Party,3
Kurdistan_Islamic_Union,3565,Political Party,3
Kuwait,3566,Location/Other,8
Kuwait_Chamber_of_Commerce_and_Industry,3567,Person,0
Kyoto_University,3568,Education,6
Kyriakos_Gerontopoulos,3569,Person,0
Kyung-wha_Kang,3570,Person,0
Kęstutis_Macijauskas,3571,Person,0
Labaran_Maku,3572,Person,0
Labor_Department_(India),3573,Government,1
Labor_Party,3574,Political Party,3
Labor_Party_(Bosnia_and_Herzegovina),3575,Political Party,3
Labor_Party_(Congo),3576,Political Party,3
Labor_Party_(Fiji),3577,Political Party,3
Labor_Party_(Mexico),3578,Political Party,3
Labor_Party_(New_Zealand),3579,Political Party,3
Labor_Party_(Norway),3580,Political Party,3
Labor_Party_(United_Kingdom),3581,Political Party,3
Labor_Union_(Bahrain),3582,Political Party,3
Labor_Union_(Bangladesh),3583,Political Party,3
Labor_Union_(Belarus),3584,Political Party,3
Labor_Union_(Brazil),3585,Political Party,3
Labor_Union_(Bulgaria),3586,Political Party,3
Labor_Union_(Canada),3587,Political Party,3
Labor_Union_(China),3588,Political Party,3
Labor_Union_(Colombia),3589,Political Party,3
Labor_Union_(Croatia),3590,Political Party,3
Labor_Union_(Czech_Republic),3591,Political Party,3
Labor_Union_(India),3592,Political Party,3
Labor_Union_(Ireland),3593,Political Party,3
Labor_Union_(Kuwait),3594,Political Party,3
Labor_Union_(Kyrgyzstan),3595,Political Party,3
Labor_Union_(Malawi),3596,Political Party,3
Labor_Union_(Mexico),3597,Political Party,3
Labor_Union_(Namibia),3598,Political Party,3
Labor_Union_(New_Zealand),3599,Political Party,3
Labor_Union_(Nigeria),3600,Political Party,3
Labor_Union_(Peru),3601,Political Party,3
Labor_Union_(Philippines),3602,Political Party,3
Labor_Union_(Slovakia),3603,Political Party,3
Labor_Union_(Somalia),3604,Political Party,3
Labor_Union_(South_Korea),3605,Political Party,3
Labor_Union_(Switzerland),3606,Political Party,3
Labor_Union_(Tunisia),3607,Political Party,3
Labor_Union_(Ukraine),3608,Political Party,3
Labor_Union_(Uruguay),3609,Political Party,3
Labor_Union_(Zimbabwe),3610,Political Party,3
Labor_and_Employment_Ministry_(Australia),3611,Government,1
Labor_and_Employment_Ministry_(Azerbaijan),3612,Government,1
Labor_and_Employment_Ministry_(Bahrain),3613,Government,1
Labor_and_Employment_Ministry_(Bangladesh),3614,Government,1
Labor_and_Employment_Ministry_(Botswana),3615,Government,1
Labor_and_Employment_Ministry_(Colombia),3616,Government,1
Labor_and_Employment_Ministry_(Egypt),3617,Government,1
Labor_and_Employment_Ministry_(Kenya),3618,Government,1
Labor_and_Employment_Ministry_(Mongolia),3619,Government,1
Labor_and_Employment_Ministry_(Nigeria),3620,Government,1
"Labor_and_Employment_Ministry_(Palestinian_Territory,_Occupied)",3621,Government,1
Labor_and_Employment_Ministry_(Qatar),3622,Government,1
Labor_and_Employment_Ministry_(Sudan),3623,Government,1
Labor_and_Employment_Ministry_(Tanzania),3624,Government,1
Lal_Krishna_Advani,3625,Person,0
Lal_Singh,3626,Person,0
Lalji_Tandon,3627,Person,0
Lamar_Alexander,3628,Person,0
Lamberto_Dini,3629,Person,0
Lameck_Mangani,3630,Person,0
Lamure_Latour,3631,Person,0
Landowner_(Belgium),3632,Person,0
Landowner_(Congo),3633,Person,0
Lao_Front_for_National_Construction,3634,Political Party,3
Laos,3635,Location/Other,8
Lapo_Pistelli,3636,Person,0
Lars_Løkke_Rasmussen,3637,Person,0
Lateef_Fagbemi,3638,Person,0
Laura_Boldrini,3639,Person,0
Laurent_Kabila,3640,Person,0
Lawmaker_(Argentina),3641,Person,0
Lawmaker_(Austria),3642,Person,0
Lawmaker_(Bolivia),3643,Person,0
Lawmaker_(Brazil),3644,Person,0
Lawmaker_(Central_African_Republic),3645,Person,0
Lawmaker_(Colombia),3646,Person,0
Lawmaker_(Costa_Rica),3647,Person,0
Lawmaker_(Crimea),3648,Person,0
Lawmaker_(Cyprus),3649,Person,0
Lawmaker_(El_Salvador),3650,Person,0
Lawmaker_(Greece),3651,Person,0
Lawmaker_(Holy_See_(Vatican_City_State)),3652,Person,0
Lawmaker_(Hong_Kong),3653,Person,0
Lawmaker_(Indonesia),3654,Person,0
Lawmaker_(Iraq),3655,Person,0
Lawmaker_(Jamaica),3656,Person,0
Lawmaker_(Japan),3657,Person,0
Lawmaker_(Kosovo),3658,Person,0
Lawmaker_(Latvia),3659,Media,7
Lawmaker_(Lebanon),3660,Person,0
Lawmaker_(Lithuania),3661,Person,0
Lawmaker_(Moldova),3662,Person,0
Lawmaker_(Namibia),3663,Person,0
Lawmaker_(Nicaragua),3664,Person,0
Lawmaker_(Poland),3665,Person,0
Lawmaker_(Russia),3666,Person,0
Lawmaker_(Serbia),3667,Person,0
Lawmaker_(Slovakia),3668,Person,0
Lawmaker_(South_Korea),3669,Person,0
Lawmaker_(South_Sudan),3670,Person,0
Lawmaker_(Spain),3671,Person,0
Lawmaker_(Switzerland),3672,Person,0
Lawmaker_(Syria),3673,Person,0
Lawmaker_(Tunisia),3674,Person,0
Lawmaker_(Turkey),3675,Person,0
Lawmaker_(Ukraine),3676,Person,0
Lawmaker_(United_Kingdom),3677,Person,0
Lawmaker_(United_States),3678,Person,0
Lawmaker_(Vietnam),3679,Person,0
Lawmaker_(Zambia),3680,Person,0
Lawmaker_(Zimbabwe),3681,Person,0
Lawrence_Eagleburger,3682,Person,0
Lawrence_Springborg,3683,Person,0
Lawyer/Attorney_(Angola),3684,Person,0
Lawyer/Attorney_(Argentina),3685,Person,0
Lawyer/Attorney_(Australia),3686,Person,0
Lawyer/Attorney_(Belgium),3687,Person,0
Lawyer/Attorney_(Benin),3688,Person,0
Lawyer/Attorney_(Cambodia),3689,Person,0
Lawyer/Attorney_(Chad),3690,Person,0
Lawyer/Attorney_(Colombia),3691,Person,0
Lawyer/Attorney_(Costa_Rica),3692,Person,0
Lawyer/Attorney_(Cuba),3693,Person,0
Lawyer/Attorney_(Czech_Republic),3694,Person,0
Lawyer/Attorney_(Denmark),3695,Person,0
Lawyer/Attorney_(Dominican_Republic),3696,Person,0
Lawyer/Attorney_(Egypt),3697,Person,0
Lawyer/Attorney_(Ethiopia),3698,Person,0
Lawyer/Attorney_(French_Polynesia),3699,Person,0
Lawyer/Attorney_(Germany),3700,Person,0
Lawyer/Attorney_(Guatemala),3701,Person,0
Lawyer/Attorney_(Holy_See_(Vatican_City_State)),3702,Person,0
Lawyer/Attorney_(Indonesia),3703,Person,0
Lawyer/Attorney_(Jamaica),3704,Person,0
Lawyer/Attorney_(Jordan),3705,Person,0
Lawyer/Attorney_(Kenya),3706,Person,0
Lawyer/Attorney_(Liberia),3707,Person,0
Lawyer/Attorney_(Libya),3708,Person,0
Lawyer/Attorney_(Luxembourg),3709,Person,0
Lawyer/Attorney_(Malaysia),3710,Person,0
Lawyer/Attorney_(Montenegro),3711,Person,0
Lawyer/Attorney_(Mozambique),3712,Person,0
Lawyer/Attorney_(Myanmar),3713,Person,0
Lawyer/Attorney_(Nauru),3714,Person,0
"Lawyer/Attorney_(Palestinian_Territory,_Occupied)",3715,Person,0
Lawyer/Attorney_(Peru),3716,Person,0
Lawyer/Attorney_(Philippines),3717,Person,0
Lawyer/Attorney_(Portugal),3718,Person,0
Lawyer/Attorney_(Romania),3719,Person,0
Lawyer/Attorney_(Russia),3720,Person,0
Lawyer/Attorney_(Senegal),3721,Person,0
Lawyer/Attorney_(Sierra_Leone),3722,Person,0
Lawyer/Attorney_(South_Korea),3723,Person,0
Lawyer/Attorney_(Turkey),3724,Person,0
Lawyer/Attorney_(Uganda),3725,Person,0
Lawyer/Attorney_(United_Kingdom),3726,Person,0
Lawyer/Attorney_(United_States),3727,Person,0
Lawyer/Attorney_(Zambia),3728,Person,0
Lazarus_Baez,3729,Person,0
Lazarus_Chakwera,3730,Person,0
Le_Hong_Anh,3731,Person,0
Le_Jour,3732,Person,0
Le_Luong_Minh,3733,Person,0
Lee_Myung_Bak,3734,Person,0
Lee_Rigby,3735,Person,0
Left_Party_(Greece),3736,Political Party,3
Left_Party_(Sweden),3737,Political Party,3
Left_Party_(Turkey),3738,Political Party,3
Legislature_(Africa),3739,Government,1
Legislature_(Algeria),3740,Government,1
Legislature_(Argentina),3741,Government,1
Legislature_(Bangladesh),3742,Government,1
Legislature_(Belarus),3743,Government,1
Legislature_(Bosnia_and_Herzegovina),3744,Government,1
Legislature_(Chile),3745,Government,1
Legislature_(China),3746,Government,1
Legislature_(Cook_Islands),3747,Government,1
Legislature_(Czech_Republic),3748,Government,1
Legislature_(Ecuador),3749,Government,1
Legislature_(Estonia),3750,Government,1
Legislature_(Finland),3751,Government,1
Legislature_(Gabon),3752,Government,1
Legislature_(Germany),3753,Government,1
Legislature_(Greece),3754,Government,1
Legislature_(Guyana),3755,Government,1
Legislature_(Holy_See_(Vatican_City_State)),3756,Government,1
Legislature_(Indonesia),3757,Government,1
Legislature_(Iraq),3758,Government,1
Legislature_(Israel),3759,Government,1
Legislature_(Italy),3760,Government,1
Legislature_(Jamaica),3761,Government,1
Legislature_(Lebanon),3762,Government,1
Legislature_(Lesotho),3763,Government,1
Legislature_(Libya),3764,Government,1
Legislature_(Mongolia),3765,Government,1
Legislature_(Namibia),3766,Government,1
Legislature_(Pakistan),3767,Government,1
Legislature_(Peru),3768,Government,1
Legislature_(Romania),3769,Government,1
Legislature_(Russia),3770,Government,1
Legislature_(Sao_Tome_and_Principe),3771,Government,1
Legislature_(Senegal),3772,Government,1
Legislature_(Serbia),3773,Government,1
Legislature_(South_Africa),3774,Government,1
Legislature_(South_Korea),3775,Government,1
Legislature_(Spain),3776,Government,1
Legislature_(Sweden),3777,Government,1
Legislature_(Syria),3778,Government,1
Legislature_(Tanzania),3779,Government,1
Legislature_(Turkey),3780,Government,1
Legislature_(United_States),3781,Government,1
Legislature_(Vanuatu),3782,Government,1
Legislature_(Zimbabwe),3783,Government,1
Leila_Zerrougui,3784,Person,0
Len_Brown,3785,Person,0
Leon_Panetta,3786,Person,0
Leopoldo_Dominico_Petilla,3787,Person,0
Leopoldo_López,3788,Person,0
Leslie_Caldwell,3789,Person,0
Lesotho,3790,Location/Other,8
Levon_Ter-Petrosyan,3791,Person,0
Leyla_Yunus,3792,Person,0
Leymah_Roberta_Gbowee,3793,Person,0
Li_Hui,3794,Person,0
Liang_Yang,3795,Person,0
Liaqat_Baloch,3796,Person,0
Liberal_Democratic_Party_(Romania),3797,Political Party,3
Liberal_Democratic_Party_(United_Kingdom),3798,Political Party,3
Liberal_Democratic_Party_of_Russia,3799,Political Party,3
Liberal_National_Party,3800,Political Party,3
Liberal_Party_(Canada),3801,Political Party,3
Liberal_Party_(Fiji),3802,Political Party,3
Liberal_Party_(Hong_Kong),3803,Political Party,3
Liberal_Party_(Moldova),3804,Political Party,3
Liberal_Party_(Romania),3805,Political Party,3
Liberals_(Canada),3806,Person,0
Liberals_(Egypt),3807,Person,0
Liberals_(Senegal),3808,Person,0
Liberian_Coast_Guard,3809,Person,0
Libya_TV,3810,Media,7
Lien_Chan,3811,Person,0
Likud,3812,Political Party,3
Lilian_Samaniego,3813,Person,0
Limpopo_Police,3814,Military,2
Lin_Chia-lung,3815,Person,0
Lin_Yi-hsiung,3816,Person,0
Lindiwe_Nonceba_Sisulu,3817,Person,0
Lionel_Jospin,3818,Person,0
Lithuanian_Armed_Forces,3819,Military,2
Liu_Han,3820,Person,0
Liu_Jianchao,3821,Person,0
Liu_Jieyi,3822,Person,0
Liu_Xiaobo,3823,Person,0
Liu_Yandong,3824,Person,0
Liu_Zhenmin,3825,Person,0
Liviu_Voinea,3826,Person,0
Liwaa_Semeism,3827,Person,0
Liyel_Imoke,3828,Person,0
Liz_O'Donnell,3829,Person,0
Lloyd_Austin,3830,Person,0
Lloyds_Banking,3831,Business,5
Local_Media_(Angola),3832,Media,7
Local_Media_(Argentina),3833,Media,7
Local_Media_(Bosnia_and_Herzegovina),3834,Media,7
Local_Media_(Brazil),3835,Media,7
Local_Media_(Macedonia),3836,Media,7
Local_Media_(Switzerland),3837,Media,7
Local_Media_(Turkey),3838,Media,7
Local_Media_(Ukraine),3839,Media,7
Local_Media_(Venezuela),3840,Media,7
Looter_(Central_African_Republic),3841,Person,0
Looter_(Nigeria),3842,Person,0
Loren_Legarda,3843,Person,0
Louis_Bapes,3844,Person,0
Louise_Mushikiwabo,3845,Person,0
Lower_House_of_Parliament_(Afghanistan),3846,Government,1
Lower_House_of_Parliament_(France),3847,Government,1
Lower_House_of_Parliament_(Germany),3848,Government,1
Lubomír_Galko,3849,Person,0
Lubomír_Jahnátek,3850,Person,0
Lucia_Zitnanská,3851,Person,0
Lui_Tuck_Yew,3852,Person,0
Luis_Alberto_Lacalle,3853,Person,0
Luis_Alfonso_Hoyos,3854,Person,0
Luis_Beder_Herrera,3855,Person,0
Luis_G._León_Rodríguez,3856,Person,0
Luis_Miguel_Castilla,3857,Person,0
Luis_de_Almagro,3858,Person,0
Luiz_Inacio_Lula_Da_Silva,3859,Person,0
Luke_Foley,3860,Person,0
Lulama_Marytheresa_Xingwana,3861,Person,0
Lulzim_Basha,3862,Person,0
Lung_Ying-tai,3863,Person,0
Lungelo_Dlamini,3864,Person,0
Luo_Ying-shay,3865,Person,0
Lyutvi_Mestan,3866,Media,7
M.K._Narayanan,3867,Person,0
M.R._Sharma,3868,Person,0
M._Scindia,3869,Person,0
Ma_Xiaoguang,3870,Person,0
Ma_Ying_Jeou,3871,Person,0
Maasai,3872,Location/Other,8
Macky_Sall,3873,Person,0
Madagascar,3874,Location/Other,8
Madeleine_Albright,3875,Person,0
Madeleine_McCann,3876,Person,0
Magyar_Nemzet,3877,Person,0
Mahamadou_Issoufou,3878,Person,0
Mahamat_Saleh_Annadif,3879,Person,0
Mahammed_Boun_Abdallah_Dionne,3880,Person,0
Mahathir_Mohamad,3881,Person,0
Mahdi_Army,3882,Military,2
Mahendra_Pandey,3883,Person,0
Mahinda_Rajapaksa,3884,Person,0
Mahmoud_Ahmadinejad,3885,Person,0
Mahmoud_Ali_Othman,3886,Person,0
Main_Opposition_(Al_Wefaq_National_Islamic_Society),3887,Person,0
Main_Opposition_(Algeria),3888,Person,0
Main_Opposition_(Bahrain),3889,Person,0
Main_Opposition_(Benin),3890,Person,0
Main_Opposition_(Burkina_Faso),3891,Person,0
Main_Opposition_(Canada),3892,Person,0
Main_Opposition_(Cote_d'Ivoire),3893,Person,0
Main_Opposition_(Fiji),3894,Person,0
Main_Opposition_(Georgia),3895,Person,0
Main_Opposition_(Germany),3896,Person,0
Main_Opposition_(Greece),3897,Person,0
Main_Opposition_(Haiti),3898,Person,0
Main_Opposition_(Israel),3899,Person,0
Main_Opposition_(Jordan),3900,Person,0
Main_Opposition_(Slovakia),3901,Person,0
Main_Opposition_(South_Africa),3902,Person,0
Main_Opposition_(Sri_Lanka),3903,Person,0
Main_Opposition_(Syria),3904,Person,0
Main_Opposition_(Turkey),3905,Person,0
Main_Opposition_(United_Kingdom),3906,Person,0
Main_Opposition_(Your_Party),3907,Political Party,3
Mainland_Affairs_Council,3908,Organization,4
Maithripala_Sirisena,3909,Person,0
Maja_Kocijancic,3910,Person,0
Majid_Takht_Ravanchi,3911,Person,0
Majid_bin_Muhammad_al_Majid,3912,Person,0
Makame_Mbarawa,3913,Person,0
Makerere_University,3914,Education,6
Makhotso_Magdeline_Sotyu,3915,Person,0
Makis_Voridis,3916,Person,0
Mala_Bakhtiyar,3917,Person,0
Malala_Yousafzai,3918,Person,0
Malawi,3919,Location/Other,8
Malawi_Congress_Party,3920,Political Party,3
Malawi_Electoral_Commission,3921,Government,1
Malaysia,3922,Location/Other,8
Malaysian_Indian_Congress,3923,Person,0
Malaysian_People's_Party,3924,Political Party,3
Malcolm_Bligh_Turnbull,3925,Person,0
Maldives,3926,Location/Other,8
Malik_Agar,3927,Person,0
Mallam_Isa_Yuguda,3928,Person,0
Malta,3929,Location/Other,8
Mamadou_Diop,3930,Person,0
Mamadou_Ndala,3931,Person,0
Mambury_Njie,3932,Person,0
Mamnoon_Hussain,3933,Person,0
Mandla_Mandela,3934,Person,0
Manik_Sarkar,3935,Person,0
Manish_Sisodia,3936,Person,0
Mano,3937,Location/Other,8
Manohar_Lal_Khattar,3938,Person,0
Mansour_Al-Otaibi,3939,Person,0
Manto_Tshabalala-Msimang,3940,Person,0
Manuel_Augusto,3941,Person,0
Manuel_Garrido,3942,Person,0
Manuel_Monteiro_de_Castro,3943,Person,0
Manuel_Nunes_Júnior,3944,Person,0
Manuel_Pulgar_Vidal,3945,Person,0
Manuel_Zelaya,3946,Person,0
Mara_Salvatrucha,3947,Person,0
Marco_Aurélio_Garcia,3948,Person,0
Marco_Hausiku,3949,Person,0
Margaret_Alva,3950,Person,0
Margaret_Chan,3951,Person,0
Margaret_Hodge,3952,Person,0
Mari_Pili_Hernandez,3953,Person,0
Maria_Kiwanuka,3954,Person,0
Maria_Mutagamba,3955,Person,0
Maria_Servini_de_Cubria,3956,Person,0
Marian_Harkin,3957,Person,0
Marilyn_Ogar,3958,Person,0
Marine_Corp_(China),3959,Business,5
Marine_Corp_(Russia),3960,Business,5
Marine_Corp_(Taiwan),3961,Business,5
Marine_Corp_(Thailand),3962,Business,5
Mario_Mauro,3963,Person,0
Mario_Monti,3964,Person,0
Mark_Francois,3965,Person,0
Mark_James_Mwandosya,3966,Person,0
Mark_Lyall_Grant,3967,Person,0
Mark_McGowan,3968,Person,0
Mark_Simmonds,3969,Person,0
Marou_Amadou,3970,Person,0
Mars_Di_Bartolomeo,3971,Person,0
Marta_Lucía_Ramírez,3972,Person,0
Martha_Karua,3973,Person,0
Martin_Barták,3974,Person,0
Martin_Belaunde_Lossio,3975,Person,0
Martin_Indyk,3976,Person,0
Martin_Lidegaard,3977,Person,0
Martin_Lomuro,3978,Person,0
Martin_McGuinness,3979,Person,0
Martin_Spegelj,3980,Person,0
Martin_Stropnický,3981,Person,0
Martin_Wambora,3982,Person,0
Martine_Ouellet,3983,Person,0
Marwan_Charbel,3984,Person,0
Mary_Broh,3985,Person,0
Mary_Robinson,3986,Person,0
Marziyeh_Afkham,3987,Person,0
María_Ángela_Holguín,3988,Person,0
Masagos_Zulkifli,3989,Person,0
Massoud_Barzani,3990,Person,0
Mathew_Batsiua,3991,Person,0
Mathias_Meinrad_Chikawe,3992,Person,0
Maurice_Williamson,3993,Person,0
Mauricio_Domogan,3994,Person,0
Mauritania,3995,Location/Other,8
Mauritius,3996,Location/Other,8
Mauro_Borges,3997,Person,0
Maxon_Mbendera,3998,Person,0
Maxwell_Gicheru,3999,Person,0
Mayotte,4000,Location/Other,8
Mazda,4001,Location/Other,8
Mbhazima_Samuel_Shilowa,4002,Person,0
Medha_Patkar,4003,Person,0
Media_(Africa),4004,Media,7
Media_(Argentina),4005,Media,7
Media_(Austria),4006,Media,7
Media_(Azerbaijan),4007,Media,7
Media_(Bahrain),4008,Media,7
Media_(Benin),4009,Media,7
Media_(Bolivia),4010,Media,7
Media_(China),4011,Media,7
Media_(Colombia),4012,Media,7
Media_(Curacao),4013,Media,7
Media_(Cyprus),4014,Media,7
Media_(Czech_Republic),4015,Media,7
Media_(Denmark),4016,Media,7
Media_(Greece),4017,Media,7
Media_(Haiti),4018,Media,7
Media_(India),4019,Media,7
Media_(Japan),4020,Media,7
Media_(Kenya),4021,Media,7
Media_(Kyrgyzstan),4022,Media,7
Media_(Latvia),4023,Media,7
Media_(Lebanon),4024,Media,7
Media_(Liberia),4025,Media,7
Media_(Lithuania),4026,Media,7
Media_(Moldova),4027,Media,7
Media_(Morocco),4028,Media,7
Media_(Nigeria),4029,Media,7
Media_(Pakistan),4030,Media,7
"Media_(Palestinian_Territory,_Occupied)",4031,Media,7
Media_(Philippines),4032,Media,7
Media_(Qatar),4033,Media,7
Media_(Romania),4034,Media,7
Media_(Russia),4035,Media,7
Media_(Saudi_Arabia),4036,Media,7
Media_(Serbia),4037,Media,7
Media_(Sierra_Leone),4038,Media,7
Media_(South_Africa),4039,Media,7
Media_(Spain),4040,Media,7
Media_(Swaziland),4041,Media,7
Media_(Switzerland),4042,Media,7
Media_(Thailand),4043,Media,7
Media_(United_States),4044,Media,7
Media_(Venezuela),4045,Media,7
Media_(Zambia),4046,Media,7
Media_(Zimbabwe),4047,Media,7
Media_Personnel_(Africa),4048,Media,7
Media_Personnel_(Albania),4049,Media,7
Media_Personnel_(Angola),4050,Media,7
Media_Personnel_(Argentina),4051,Media,7
Media_Personnel_(Australia),4052,Media,7
Media_Personnel_(Austria),4053,Media,7
Media_Personnel_(Belarus),4054,Media,7
Media_Personnel_(Belize),4055,Media,7
Media_Personnel_(Botswana),4056,Media,7
Media_Personnel_(Bulgaria),4057,Media,7
Media_Personnel_(Cameroon),4058,Media,7
Media_Personnel_(Chile),4059,Media,7
Media_Personnel_(China),4060,Media,7
Media_Personnel_(Colombia),4061,Media,7
Media_Personnel_(Ecuador),4062,Media,7
Media_Personnel_(Fiji),4063,Media,7
Media_Personnel_(France),4064,Media,7
Media_Personnel_(Greece),4065,Media,7
Media_Personnel_(Guatemala),4066,Media,7
Media_Personnel_(Honduras),4067,Media,7
Media_Personnel_(International),4068,Media,7
Media_Personnel_(Iran),4069,Media,7
Media_Personnel_(Japan),4070,Media,7
Media_Personnel_(Lebanon),4071,Media,7
Media_Personnel_(Liberia),4072,Media,7
Media_Personnel_(Maldives),4073,Media,7
Media_Personnel_(Mali),4074,Media,7
Media_Personnel_(Myanmar),4075,Media,7
Media_Personnel_(Namibia),4076,Media,7
Media_Personnel_(Nepal),4077,Media,7
Media_Personnel_(New_Zealand),4078,Media,7
Media_Personnel_(Niger),4079,Media,7
Media_Personnel_(Pakistan),4080,Media,7
Media_Personnel_(Poland),4081,Media,7
Media_Personnel_(Saudi_Arabia),4082,Media,7
Media_Personnel_(Sierra_Leone),4083,Media,7
Media_Personnel_(Somalia),4084,Media,7
Media_Personnel_(Syria),4085,Media,7
Media_Personnel_(Tajikistan),4086,Media,7
Media_Personnel_(Thailand),4087,Media,7
Media_Personnel_(Uganda),4088,Media,7
Media_Personnel_(United_States),4089,Media,7
Media_Personnel_(Zimbabwe),4090,Media,7
Media_Rights_Group_(Qatar),4091,Organization,4
Medical_Association_(Bulgaria),4092,Organization,4
Medical_Association_(India),4093,Organization,4
Medical_Association_(Malaysia),4094,Organization,4
Medical_Association_(Nepal),4095,Organization,4
Medical_Association_(Nigeria),4096,Organization,4
Medical_Personnel_(Australia),4097,Person,0
Medical_Personnel_(Belgium),4098,Person,0
Medical_Personnel_(Brazil),4099,Person,0
Medical_Personnel_(Canada),4100,Person,0
Medical_Personnel_(Cote_d'Ivoire),4101,Person,0
Medical_Personnel_(Croatia),4102,Person,0
Medical_Personnel_(Cyprus),4103,Person,0
Medical_Personnel_(Democratic_Republic_of_Congo),4104,Person,0
Medical_Personnel_(Georgia),4105,Person,0
Medical_Personnel_(Guinea-Bissau),4106,Person,0
Medical_Personnel_(Hong_Kong),4107,Person,0
Medical_Personnel_(India),4108,Person,0
Medical_Personnel_(Japan),4109,Person,0
Medical_Personnel_(Jordan),4110,Person,0
Medical_Personnel_(Madagascar),4111,Person,0
Medical_Personnel_(Mexico),4112,Person,0
Medical_Personnel_(Namibia),4113,Person,0
Medical_Personnel_(Nigeria),4114,Person,0
Medical_Personnel_(North_Korea),4115,Person,0
Medical_Personnel_(Peru),4116,Person,0
Medical_Personnel_(Philippines),4117,Person,0
Medical_Personnel_(Russia),4118,Person,0
Medical_Personnel_(Somalia),4119,Person,0
Medical_Personnel_(Switzerland),4120,Person,0
Medical_Personnel_(Taiwan),4121,Person,0
Medical_Personnel_(Turkey),4122,Person,0
Medical_Personnel_(Ukraine),4123,Person,0
Medical_Personnel_(Zimbabwe),4124,Person,0
Meenakshi_Lekhi,4125,Person,0
Mega_Channel,4126,Person,0
Megawati_Sukarnoputri,4127,Person,0
Meglena_Kuneva,4128,Person,0
Mehdi_Hasan,4129,Person,0
Mehmet_Simsek,4130,Person,0
Mehmet_Yilmaz,4131,Person,0
Mehmood_Khan_Achakzai,4132,Person,0
Mehr_News_Agency,4133,Media,7
Meir_Sheetrit,4134,Person,0
Meira_Kumar,4135,Person,0
Mekong_River_Commission,4136,Government,1
Melis_Turganbayev,4137,Person,0
Melissa_Fleming,4138,Person,0
Melissa_Parke,4139,Person,0
Member_of_Legislative_(Govt)_(Afghanistan),4140,Person,0
Member_of_Legislative_(Govt)_(Azerbaijan),4141,Person,0
Member_of_Legislative_(Govt)_(Democratic_Republic_of_Congo),4142,Person,0
Member_of_Legislative_(Govt)_(France),4143,Person,0
Member_of_Legislative_(Govt)_(Greece),4144,Person,0
Member_of_Legislative_(Govt)_(India),4145,Person,0
Member_of_Legislative_(Govt)_(Iran),4146,Person,0
Member_of_Legislative_(Govt)_(Italy),4147,Person,0
Member_of_Legislative_(Govt)_(Jordan),4148,Person,0
Member_of_Legislative_(Govt)_(Kazakhstan),4149,Person,0
Member_of_Legislative_(Govt)_(Kenya),4150,Person,0
Member_of_Legislative_(Govt)_(Lebanon),4151,Person,0
Member_of_Legislative_(Govt)_(Liberia),4152,Person,0
Member_of_Legislative_(Govt)_(Myanmar),4153,Person,0
Member_of_Legislative_(Govt)_(Nigeria),4154,Person,0
Member_of_Legislative_(Govt)_(Norway),4155,Person,0
Member_of_Legislative_(Govt)_(Oman),4156,Person,0
"Member_of_Legislative_(Govt)_(Palestinian_Territory,_Occupied)",4157,Person,0
Member_of_Legislative_(Govt)_(Qatar),4158,Person,0
Member_of_Legislative_(Govt)_(Romania),4159,Person,0
Member_of_Legislative_(Govt)_(Serbia),4160,Person,0
Member_of_Legislative_(Govt)_(Singapore),4161,Person,0
Member_of_Legislative_(Govt)_(Slovenia),4162,Person,0
Member_of_Legislative_(Govt)_(Somalia),4163,Person,0
Member_of_Legislative_(Govt)_(South_Africa),4164,Person,0
Member_of_Legislative_(Govt)_(South_Korea),4165,Person,0
Member_of_Legislative_(Govt)_(Sweden),4166,Person,0
Member_of_Legislative_(Govt)_(Syria),4167,Person,0
Member_of_Legislative_(Govt)_(Turkmenistan),4168,Person,0
Member_of_Legislative_(Govt)_(United_Kingdom),4169,Person,0
Member_of_Legislative_(Govt)_(Zambia),4170,Person,0
Member_of_Legislative_(Govt)_(Zimbabwe),4171,Person,0
Member_of_Parliament_(Australia),4172,Government,1
Member_of_Parliament_(Austria),4173,Government,1
Member_of_Parliament_(Bahrain),4174,Government,1
Member_of_Parliament_(Bangladesh),4175,Government,1
Member_of_Parliament_(Botswana),4176,Government,1
Member_of_Parliament_(Brazil),4177,Government,1
Member_of_Parliament_(Cambodia),4178,Government,1
Member_of_Parliament_(China),4179,Government,1
Member_of_Parliament_(Christmas_Island),4180,Government,1
Member_of_Parliament_(Estonia),4181,Government,1
Member_of_Parliament_(Finland),4182,Government,1
Member_of_Parliament_(France),4183,Government,1
Member_of_Parliament_(Germany),4184,Government,1
Member_of_Parliament_(India),4185,Government,1
Member_of_Parliament_(Indonesia),4186,Government,1
Member_of_Parliament_(Iran),4187,Government,1
Member_of_Parliament_(Iraq),4188,Government,1
Member_of_Parliament_(Jordan),4189,Government,1
Member_of_Parliament_(Kazakhstan),4190,Government,1
Member_of_Parliament_(Kuwait),4191,Government,1
Member_of_Parliament_(Kyrgyzstan),4192,Government,1
Member_of_Parliament_(Libya),4193,Government,1
Member_of_Parliament_(Maldives),4194,Government,1
Member_of_Parliament_(Middle_East),4195,Government,1
Member_of_Parliament_(Moldova),4196,Government,1
Member_of_Parliament_(Morocco),4197,Government,1
Member_of_Parliament_(Nepal),4198,Government,1
Member_of_Parliament_(Nigeria),4199,Government,1
Member_of_Parliament_(Philippines),4200,Government,1
Member_of_Parliament_(Portugal),4201,Government,1
Member_of_Parliament_(Romania),4202,Government,1
Member_of_Parliament_(Russia),4203,Government,1
Member_of_Parliament_(Serbia),4204,Government,1
Member_of_Parliament_(Slovakia),4205,Government,1
Member_of_Parliament_(South_Africa),4206,Government,1
Member_of_Parliament_(Spain),4207,Government,1
Member_of_Parliament_(Sri_Lanka),4208,Government,1
Member_of_Parliament_(Sweden),4209,Government,1
Member_of_Parliament_(Thailand),4210,Government,1
Member_of_Parliament_(Turkmenistan),4211,Government,1
Member_of_Parliament_(Ukraine),4212,Government,1
Member_of_Parliament_(Venezuela),4213,Government,1
Member_of_Parliament_(Yemen),4214,Government,1
Member_of_the_Judiciary_(Afghanistan),4215,Person,0
Member_of_the_Judiciary_(Bangladesh),4216,Person,0
Member_of_the_Judiciary_(Brazil),4217,Person,0
Member_of_the_Judiciary_(Canada),4218,Person,0
Member_of_the_Judiciary_(Chile),4219,Person,0
Member_of_the_Judiciary_(China),4220,Person,0
Member_of_the_Judiciary_(Georgia),4221,Person,0
Member_of_the_Judiciary_(Greece),4222,Person,0
Member_of_the_Judiciary_(Iceland),4223,Person,0
Member_of_the_Judiciary_(Iran),4224,Person,0
Member_of_the_Judiciary_(Ireland),4225,Person,0
Member_of_the_Judiciary_(Kyrgyzstan),4226,Person,0
Member_of_the_Judiciary_(Liberia),4227,Person,0
Member_of_the_Judiciary_(Libya),4228,Person,0
Member_of_the_Judiciary_(Madagascar),4229,Person,0
Member_of_the_Judiciary_(Mauritius),4230,Person,0
Member_of_the_Judiciary_(Namibia),4231,Person,0
Member_of_the_Judiciary_(Nauru),4232,Person,0
Member_of_the_Judiciary_(Nigeria),4233,Person,0
Member_of_the_Judiciary_(North_Korea),4234,Person,0
Member_of_the_Judiciary_(Panama),4235,Person,0
Member_of_the_Judiciary_(Saudi_Arabia),4236,Person,0
Member_of_the_Judiciary_(Sierra_Leone),4237,Person,0
Member_of_the_Judiciary_(Slovakia),4238,Person,0
Member_of_the_Judiciary_(South_Africa),4239,Person,0
Member_of_the_Judiciary_(South_Korea),4240,Person,0
Member_of_the_Judiciary_(Sri_Lanka),4241,Person,0
Member_of_the_Judiciary_(Swaziland),4242,Person,0
Member_of_the_Judiciary_(Switzerland),4243,Person,0
Member_of_the_Judiciary_(Tanzania),4244,Person,0
Member_of_the_Judiciary_(Turkey),4245,Person,0
Member_of_the_Judiciary_(United_Arab_Emirates),4246,Person,0
Member_of_the_Judiciary_(United_Kingdom),4247,Person,0
Member_of_the_Judiciary_(United_States),4248,Person,0
Member_of_the_Judiciary_(Venezuela),4249,Person,0
Men_(Argentina),4250,Person,0
Men_(Bahrain),4251,Person,0
Men_(Belarus),4252,Person,0
Men_(Belgium),4253,Person,0
Men_(Cambodia),4254,Person,0
Men_(Costa_Rica),4255,Person,0
Men_(Denmark),4256,Person,0
Men_(France),4257,Person,0
Men_(Georgia),4258,Person,0
Men_(Holy_See_(Vatican_City_State)),4259,Person,0
Men_(Honduras),4260,Person,0
Men_(India),4261,Person,0
Men_(Indonesia),4262,Person,0
Men_(Japan),4263,Person,0
Men_(Jordan),4264,Person,0
Men_(Kenya),4265,Person,0
Men_(Kosovo),4266,Person,0
Men_(Kuwait),4267,Person,0
Men_(Latvia),4268,Person,0
Men_(Lebanon),4269,Person,0
Men_(Lesotho),4270,Person,0
Men_(Malaysia),4271,Person,0
Men_(Maldives),4272,Person,0
Men_(Mayotte),4273,Person,0
Men_(Mexico),4274,Person,0
Men_(Middle_East),4275,Person,0
Men_(Morocco),4276,Person,0
Men_(Namibia),4277,Person,0
Men_(New_Zealand),4278,Person,0
Men_(Norway),4279,Person,0
Men_(Pakistan),4280,Person,0
Men_(Papua_New_Guinea),4281,Person,0
Men_(Peru),4282,Person,0
Men_(Philippines),4283,Person,0
Men_(Russia),4284,Person,0
Men_(Singapore),4285,Person,0
Men_(South_Africa),4286,Person,0
Men_(South_Asia),4287,Person,0
Men_(Swaziland),4288,Person,0
Men_(Sweden),4289,Person,0
Men_(Syria),4290,Person,0
Men_(Tajikistan),4291,Person,0
Men_(United_Arab_Emirates),4292,Person,0
Men_(United_Kingdom),4293,Person,0
Men_(United_States),4294,Person,0
Men_(Vanuatu),4295,Person,0
Men_(Venezuela),4296,Person,0
Men_(Yemen),4297,Person,0
Men_(Zambia),4298,Person,0
Meng_Jianzhu,4299,Person,0
Meretz,4300,Location/Other,8
Messiria,4301,Location/Other,8
Mevlut_Cavusoglu,4302,Person,0
Mexican_Army,4303,Military,2
Mexico,4304,Location/Other,8
Mgwagwa_Gamedze,4305,Person,0
MiG_Corporation,4306,Business,5
Michael_Andrew_Gove,4307,Person,0
Michael_Brown,4308,Person,0
Michael_D._Higgins,4309,Person,0
Michael_Fahy,4310,Person,0
Michael_Hayden,4311,Person,0
Michael_Noonan,4312,Person,0
Michael_Sata,4313,Person,0
Michael_Woodhouse,4314,Person,0
Michel_Alaby,4315,Person,0
Michel_Sapin,4316,Person,0
Michelin,4317,Location/Other,8
Micky_Rosenfeld,4318,Person,0
Middle_East,4319,Person,0
Miguel_Angel_Mancera,4320,Person,0
Miguel_Galván_Gutiérrez,4321,Person,0
Miguel_Macedo,4322,Person,0
Miguel_Ángel_Osorio_Chong,4323,Person,0
Miguel_Ángel_Rodríguez,4324,Person,0
Mike_Moore,4325,Person,0
Mike_O'Brien,4326,Person,0
Mike_Pence,4327,Person,0
Mike_Simpson,4328,Person,0
Mikhail_Margelov,4329,Person,0
Mikhail_Sergeyevich_Gorbachev,4330,Person,0
Mikhail_Yefimovich_Fradkov,4331,Person,0
Mikhail_Yuryevich_Zurabov,4332,Person,0
Milan_Chovanec,4333,Person,0
Milan_Knazko,4334,Person,0
Militant_(Al_Qaeda_in_the_Arabian_Peninsula),4335,Person,0
Militant_(Australia),4336,Person,0
Militant_(Bangladesh),4337,Person,0
Militant_(Benin),4338,Person,0
Militant_(Boko_Haram),4339,Person,0
Militant_(Colombia),4340,Person,0
Militant_(Cote_d'Ivoire),4341,Person,0
Militant_(ETA),4342,Person,0
Militant_(Hezbul_Mujahedeen),4343,Person,0
Militant_(Ingushetia),4344,Person,0
Militant_(International),4345,Person,0
Militant_(Iraq),4346,Person,0
Militant_(Jaish-e-Mohammad),4347,Person,0
Militant_(Kurdistan_Workers'_Party),4348,Political Party,3
Militant_(Libya),4349,Person,0
Militant_(Malaysia),4350,Person,0
Militant_(Mali),4351,Person,0
Militant_(Morocco),4352,Person,0
Militant_(Muslim_Brotherhood),4353,Person,0
Militant_(National_Democratic_Front_of_Bodoland),4354,Political Party,3
Militant_(Nigeria),4355,Person,0
Militant_(Philippines),4356,Person,0
Militant_(Rally_of_the_Republicans),4357,Person,0
Militant_(Senegal),4358,Person,0
Militant_(Somalia),4359,Person,0
Militant_(South_Sudan),4360,Person,0
Militant_(Syria),4361,Person,0
Militant_(Taliban),4362,Person,0
Militant_(Turkey),4363,Person,0
Militant_(Ukraine),4364,Person,0
Militant_(United_Liberation_Force_of_Assam),4365,Military,2
Militant_(Venezuela),4366,Person,0
Militant_(Xinjiang Uyghur),4367,Person,0
Militant_(Yemen),4368,Person,0
Military_(Albania),4369,Military,2
Military_(Argentina),4370,Military,2
Military_(Belarus),4371,Military,2
Military_(Bolivia),4372,Military,2
Military_(Brazil),4373,Military,2
Military_(Cambodia),4374,Military,2
Military_(Central_African_Republic),4375,Military,2
Military_(Chad),4376,Military,2
Military_(China),4377,Military,2
Military_(Cote_d'Ivoire),4378,Military,2
Military_(Cuba),4379,Military,2
Military_(Cyprus),4380,Military,2
Military_(Ecuador),4381,Military,2
Military_(El_Salvador),4382,Military,2
Military_(France),4383,Military,2
Military_(Ghana),4384,Military,2
Military_(Guatemala),4385,Military,2
Military_(Guinea),4386,Military,2
Military_(Hong_Kong),4387,Military,2
Military_(Italy),4388,Military,2
Military_(Jordan),4389,Military,2
Military_(Kazakhstan),4390,Military,2
Military_(Kuwait),4391,Military,2
Military_(Laos),4392,Military,2
Military_(Lebanon),4393,Military,2
Military_(Lithuania),4394,Military,2
Military_(Madagascar),4395,Military,2
Military_(Mali),4396,Military,2
Military_(Mexico),4397,Military,2
Military_(Middle_East),4398,Military,2
Military_(Mongolia),4399,Military,2
Military_(Mozambique),4400,Military,2
Military_(Myanmar),4401,Military,2
Military_(New_Zealand),4402,Military,2
Military_(Niger),4403,Military,2
Military_(North_Korea),4404,Military,2
Military_(Papua_New_Guinea),4405,Military,2
Military_(Paraguay),4406,Military,2
Military_(Philippines),4407,Military,2
Military_(Russia),4408,Military,2
Military_(Senegal),4409,Military,2
Military_(Sierra_Leone),4410,Military,2
Military_(Singapore),4411,Military,2
Military_(South_Sudan),4412,Military,2
Military_(Sweden),4413,Military,2
Military_(Taiwan),4414,Military,2
Military_(Thailand),4415,Military,2
Military_(Turkey),4416,Military,2
Military_(United_Kingdom),4417,Military,2
Military_(Vietnam),4418,Military,2
Military_Academy_(North_Korea),4419,Military,2
Military_Academy_(United_States),4420,Military,2
Military_Advisor_(China),4421,Military,2
Military_Advisor_(Iran),4422,Military,2
Military_Advisor_(Philippines),4423,Military,2
Military_Advisor_(Thailand),4424,Military,2
Military_Advisor_(United_States),4425,Military,2
Military_Intelligence_(Libya),4426,Military,2
Military_Intelligence_(Sudan),4427,Military,2
Military_Intelligence_(Yemen),4428,Military,2
Military_Judge_(Jordan),4429,Military,2
Military_Judge_(South_Korea),4430,Military,2
Military_Personnel_(Afghanistan),4431,Military,2
Military_Personnel_(Algeria),4432,Military,2
Military_Personnel_(Angola),4433,Military,2
Military_Personnel_(Argentina),4434,Military,2
Military_Personnel_(Armenia),4435,Military,2
Military_Personnel_(Azerbaijan),4436,Military,2
Military_Personnel_(Bahrain),4437,Military,2
Military_Personnel_(Bangladesh),4438,Military,2
Military_Personnel_(Benin),4439,Military,2
Military_Personnel_(Burkina_Faso),4440,Military,2
Military_Personnel_(Cambodia),4441,Military,2
Military_Personnel_(Cameroon),4442,Military,2
Military_Personnel_(Canada),4443,Military,2
Military_Personnel_(Central_African_Republic),4444,Military,2
Military_Personnel_(Cote_d'Ivoire),4445,Military,2
Military_Personnel_(Eritrea),4446,Military,2
Military_Personnel_(Finland),4447,Military,2
Military_Personnel_(France),4448,Military,2
Military_Personnel_(Georgia),4449,Military,2
Military_Personnel_(Germany),4450,Military,2
Military_Personnel_(India),4451,Military,2
Military_Personnel_(Japan),4452,Military,2
Military_Personnel_(Kenya),4453,Military,2
Military_Personnel_(Latvia),4454,Military,2
Military_Personnel_(Lebanon),4455,Military,2
Military_Personnel_(Liberia),4456,Military,2
Military_Personnel_(Libya),4457,Military,2
Military_Personnel_(Mali),4458,Military,2
Military_Personnel_(Mexico),4459,Military,2
Military_Personnel_(Middle_East),4460,Military,2
Military_Personnel_(Morocco),4461,Military,2
Military_Personnel_(Niger),4462,Military,2
Military_Personnel_(Nigeria),4463,Military,2
Military_Personnel_(Oman),4464,Military,2
Military_Personnel_(Paraguay),4465,Military,2
Military_Personnel_(Persian_Gulf),4466,Military,2
Military_Personnel_(Peru),4467,Military,2
Military_Personnel_(Philippines),4468,Military,2
Military_Personnel_(Romania),4469,Military,2
Military_Personnel_(Sao_Tome_and_Principe),4470,Military,2
Military_Personnel_(Serbia),4471,Military,2
Military_Personnel_(Sierra_Leone),4472,Military,2
Military_Personnel_(Somalia),4473,Military,2
Military_Personnel_(South_Korea),4474,Military,2
Military_Personnel_(Sri_Lanka),4475,Military,2
Military_Personnel_(Sweden),4476,Military,2
Military_Personnel_(Taiwan),4477,Military,2
Military_Personnel_(Thailand),4478,Military,2
Military_Personnel_(Uganda),4479,Military,2
Military_Personnel_(United_States),4480,Military,2
Military_Personnel_(Vietnam),4481,Military,2
Military_Personnel_(Yemen),4482,Military,2
Military_Personnel_(Zambia),4483,Military,2
Military_Personnel_-_Special_(Afghanistan),4484,Military,2
Military_Personnel_-_Special_(Albania),4485,Military,2
Military_Personnel_-_Special_(Algeria),4486,Military,2
Military_Personnel_-_Special_(Angola),4487,Military,2
Military_Personnel_-_Special_(Bangladesh),4488,Military,2
Military_Personnel_-_Special_(Brazil),4489,Military,2
Military_Personnel_-_Special_(Burkina_Faso),4490,Military,2
Military_Personnel_-_Special_(Cameroon),4491,Military,2
Military_Personnel_-_Special_(Central_African_Republic),4492,Military,2
Military_Personnel_-_Special_(Colombia),4493,Military,2
Military_Personnel_-_Special_(Costa_Rica),4494,Military,2
Military_Personnel_-_Special_(Cote_d'Ivoire),4495,Military,2
Military_Personnel_-_Special_(El_Salvador),4496,Military,2
Military_Personnel_-_Special_(France),4497,Military,2
Military_Personnel_-_Special_(Guinea),4498,Military,2
Military_Personnel_-_Special_(Hungary),4499,Military,2
Military_Personnel_-_Special_(India),4500,Military,2
Military_Personnel_-_Special_(Kenya),4501,Military,2
Military_Personnel_-_Special_(Kosovo),4502,Military,2
Military_Personnel_-_Special_(Mexico),4503,Military,2
Military_Personnel_-_Special_(Myanmar),4504,Military,2
Military_Personnel_-_Special_(Niger),4505,Military,2
Military_Personnel_-_Special_(Nigeria),4506,Military,2
Military_Personnel_-_Special_(Philippines),4507,Military,2
Military_Personnel_-_Special_(Senegal),4508,Military,2
Military_Personnel_-_Special_(Serbia),4509,Military,2
Military_Personnel_-_Special_(Sierra_Leone),4510,Military,2
Military_Personnel_-_Special_(Sri_Lanka),4511,Military,2
Military_Personnel_-_Special_(Tanzania),4512,Military,2
Military_Personnel_-_Special_(Thailand),4513,Military,2
Military_Personnel_-_Special_(Tunisia),4514,Military,2
Military_Personnel_-_Special_(United_Arab_Emirates),4515,Military,2
Military_Personnel_-_Special_(United_States),4516,Military,2
Military_Police_(Cambodia),4517,Military,2
Military_Police_(Cameroon),4518,Military,2
Military_Police_(Israel),4519,Military,2
Military_Police_(Japan),4520,Military,2
Military_Police_(Syria),4521,Military,2
Military_Police_(Yemen),4522,Military,2
Military_Ruler_(Thailand),4523,Military,2
Military_Transport_Plane_(Sudan),4524,Military,2
Military_Wing_(Hamas),4525,Military,2
"Military_Wing_(Palestinian_Territory,_Occupied)",4526,Military,2
Military_of_Hungary,4527,Person,0
Militia_(Africa),4528,Military,2
Militia_(Asa'ib_Ahl_al-Haq),4529,Military,2
Militia_(Chad),4530,Military,2
Militia_(Crimea),4531,Military,2
Militia_(France),4532,Military,2
Militia_(Houthis),4533,Military,2
Militia_(Iraq),4534,Military,2
Militia_(Jordan),4535,Military,2
Militia_(Kenya),4536,Military,2
Militia_(Myanmar),4537,Military,2
Militia_(National_Reform_Movement),4538,Military,2
Militia_(Syria),4539,Military,2
Militia_(Syrian_Kurds),4540,Military,2
Millennium_Challenge_Corporation,4541,Business,5
Milliyet,4542,Location/Other,8
Milo_Djukanovic,4543,Person,0
Milorad_Pupovac,4544,Person,0
Milos_Zeman,4545,Person,0
Milton_Serima,4546,Person,0
Minister_Deo,4547,Person,0
Minister_Patnaik,4548,Person,0
Ministry/Department_of_Livestock_(Guinea),4549,Government,1
Ministry/Department_of_Technology_(China),4550,Government,1
Ministry/Department_of_Technology_(Iraq),4551,Government,1
Ministry/Department_of_Technology_(Israel),4552,Government,1
Ministry/Department_of_Technology_(Nigeria),4553,Government,1
Ministry/Department_of_Technology_(Pakistan),4554,Government,1
Ministry/Department_of_Technology_(Taiwan),4555,Government,1
Ministry_(Afghanistan),4556,Government,1
Ministry_(Akali_Dal),4557,Government,1
Ministry_(Angola),4558,Government,1
Ministry_(Belarus),4559,Government,1
Ministry_(Belgium),4560,Government,1
Ministry_(Bosnia_and_Herzegovina),4561,Government,1
Ministry_(Brazil),4562,Government,1
Ministry_(Cameroon),4563,Government,1
Ministry_(Central_African_Republic),4564,Government,1
Ministry_(Chad),4565,Government,1
Ministry_(Coalition_of_the_Radical_Left),4566,Government,1
Ministry_(Croatia),4567,Government,1
Ministry_(Curacao),4568,Government,1
Ministry_(Czech_Republic),4569,Government,1
Ministry_(Djibouti),4570,Government,1
Ministry_(Egypt),4571,Government,1
Ministry_(France),4572,Government,1
Ministry_(Guyana),4573,Government,1
Ministry_(Hungary),4574,Government,1
Ministry_(Indian_Administered_Kashmir),4575,Government,1
Ministry_(Iran),4576,Government,1
Ministry_(Iraqi_Kurds),4577,Government,1
Ministry_(Ireland),4578,Government,1
Ministry_(Jamaica),4579,Government,1
Ministry_(Jordan),4580,Government,1
Ministry_(Kuwait),4581,Government,1
Ministry_(Kyrgyzstan),4582,Government,1
Ministry_(La_Francophonie),4583,Government,1
Ministry_(Liberia),4584,Government,1
Ministry_(Lok_Sabha),4585,Government,1
Ministry_(Madagascar),4586,Government,1
Ministry_(Mainland_Affairs_Council),4587,Government,1
Ministry_(Malaysia),4588,Government,1
Ministry_(Mauritania),4589,Government,1
Ministry_(Mexico),4590,Government,1
Ministry_(Ministry_of_Administrative_Development),4591,Government,1
Ministry_(Monaco),4592,Government,1
Ministry_(Morocco),4593,Government,1
Ministry_(Nigeria),4594,Government,1
Ministry_(Norfolk_Island),4595,Government,1
Ministry_(North_Korea),4596,Government,1
Ministry_(Oman),4597,Government,1
Ministry_(Philippines),4598,Government,1
Ministry_(Poland),4599,Government,1
Ministry_(Romania),4600,Government,1
Ministry_(Russia),4601,Government,1
Ministry_(Sahrawi_people),4602,Government,1
Ministry_(Senegal),4603,Government,1
Ministry_(Sierra_Leone),4604,Government,1
Ministry_(Singapore),4605,Government,1
Ministry_(South_Africa),4606,Government,1
Ministry_(South_Korea),4607,Government,1
Ministry_(Sri_Lanka),4608,Government,1
Ministry_(Sudan),4609,Government,1
Ministry_(Switzerland),4610,Government,1
Ministry_(Taiwan_Affairs_Office),4611,Government,1
Ministry_(Tanzania),4612,Government,1
Ministry_(Thailand),4613,Government,1
Ministry_(Togo),4614,Government,1
Ministry_(Tunisia),4615,Government,1
Ministry_(Turkey),4616,Government,1
Ministry_(United_States),4617,Government,1
Ministry_(Vanuatu),4618,Government,1
Ministry_(Venezuela),4619,Government,1
Ministry_(Vietnam),4620,Government,1
Ministry_(Zimbabwe),4621,Government,1
Ministry_of_Arts_and_Culture_(Cameroon),4622,Government,1
Ministry_of_Commerce,4623,Government,1
Ministry_of_Communication_(Guinea),4624,Government,1
Ministry_of_Communication_(Mali),4625,Government,1
Ministry_of_Communication_(Mauritania),4626,Government,1
"Ministry_of_Education,_Youth_and_Science",4627,Government,1
Ministry_of_Health,4628,Government,1
Ministry_of_Mining_(Zimbabwe),4629,Government,1
Ministry_of_National_Security,4630,Government,1
Ministry_of_Public_Security_(Canada),4631,Government,1
Ministry_of_Public_Security_(China),4632,Government,1
Ministry_of_Public_Security_(Laos),4633,Government,1
Ministry_of_Public_Security_(Vietnam),4634,Government,1
Ministry_of_Shipping_(India),4635,Government,1
Ministry_of_Tourism_(Angola),4636,Government,1
Ministry_of_Tourism_(Belgium),4637,Government,1
Ministry_of_Tourism_(Canada),4638,Government,1
Ministry_of_Tourism_(China),4639,Government,1
Ministry_of_Tourism_(Cote_d'Ivoire),4640,Government,1
Ministry_of_Tourism_(Croatia),4641,Government,1
Ministry_of_Tourism_(India),4642,Government,1
Ministry_of_Tourism_(Maldives),4643,Government,1
Ministry_of_Tourism_(Mexico),4644,Government,1
Ministry_of_Tourism_(Philippines),4645,Government,1
Ministry_of_Tourism_(Tunisia),4646,Government,1
Ministry_of_Tourism_(Turkey),4647,Government,1
Ministry_of_Tourism_(Uganda),4648,Government,1
Ministry_of_Tourism_(United_States),4649,Government,1
Ministry_of_Tourism_(Zambia),4650,Government,1
Ministry_of_Women_(Afghanistan),4651,Government,1
Ministry_of_Women_(Fiji),4652,Government,1
Ministry_of_Women_(India),4653,Government,1
Ministry_of_Works_and_Transport_(Namibia),4654,Government,1
Ministry_of_Youth_(Nigeria),4655,Government,1
Minni_Minnawi,4656,Person,0
Mirhoseyn_Musavi,4657,Person,0
Miro_Cerar,4658,Person,0
Miroslav_Kalousek,4659,Person,0
Miroslav_Lajcak,4660,Person,0
Miroslava_Nemcová,4661,Person,0
Mitch_McConnell,4662,Person,0
Mitiku_Kasa,4663,Person,0
Mitsubishi,4664,Location/Other,8
Mitsutoki_Shigeta,4665,Person,0
Mladen_Bajić,4666,Person,0
Mladen_Ivanic,4667,Person,0
Moana_Carcasses_Kalosil,4668,Person,0
Moataz_Hejazi,4669,Person,0
Moazzam_Begg,4670,Person,0
Mob_(France),4671,Person,0
Mob_(Guatemala),4672,Person,0
Mob_(Israel),4673,Person,0
Mob_(Kenya),4674,Person,0
Mob_(Mexico),4675,Person,0
Mob_(New_Zealand),4676,Person,0
Mob_(Pakistan),4677,Person,0
Mob_(Sierra_Leone),4678,Person,0
Mob_(Sri_Lanka),4679,Person,0
Mob_(Uganda),4680,Person,0
Mogens_Jensen,4681,Person,0
Mogens_Lykketoft,4682,Person,0
Mogho_Naba,4683,Person,0
Mogoeng_Thomas_Reetsang_Mogoeng,4684,Person,0
Mohamad_Hanif_Atmar,4685,Person,0
Mohamed_Cheikh_Elmoutaoikil,4686,Person,0
Mohamed_El_Ghazi,4687,Person,0
Mohamed_Hassad,4688,Person,0
Mohamed_Ibn_Chambas,4689,Person,0
Mohamed_Lemine_Ould_Guig,4690,Person,0
Mohamed_Merah,4691,Person,0
Mohamed_Mire,4692,Person,0
Mohamed_Osman_Jawari,4693,Person,0
Mohamed_Ould_Abdel_Aziz,4694,Person,0
Mohamed_Ould_Boilil,4695,Person,0
Mohamed_Said_Fofana,4696,Person,0
Mohamed_Samir,4697,Person,0
Mohamed_al-Beltagy,4698,Person,0
Mohamed_al-Dairi,4699,Person,0
Mohammad_Ali_Jafari,4700,Person,0
Mohammad_Ali_Najafi,4701,Person,0
Mohammad_Javad_Zarif,4702,Person,0
Mohammad_Mohaqiq,4703,Person,0
Mohammad_Nahavandian,4704,Person,0
Mohammad_Pakpur,4705,Person,0
Mohammad_Reza_Naqdi,4706,Person,0
Mohammad_Saleh_Jowkar,4707,Person,0
Mohammad_Sharar,4708,Person,0
Mohammadollah_Batash,4709,Person,0
Mohammed_Deif,4710,Person,0
Mohammed_Mubarak_Muntaka,4711,Person,0
Mohammed_Qasim_Fahim,4712,Person,0
Monastery_(Algeria),4713,Person,0
Monastery_(Cambodia),4714,Person,0
Monastery_(China),4715,Person,0
Monastery_(Thailand),4716,Person,0
Monie_Ralph_Captan,4717,Person,0
Monzer_Makhous,4718,Person,0
Moon_Chang_Keuk,4719,Person,0
Morgan_Tsvangirai,4720,Person,0
Moro_Islamic_Liberation_Front,4721,Political Party,3
Moro_National_Liberation_Front,4722,Political Party,3
Morocco,4723,Location/Other,8
Morteza_Sarmadi,4724,Person,0
Moses_Mathendele_Dlamini,4725,Person,0
Motol_University_Hospital,4726,Education,6
Moulay_Hafid_Elalamy,4727,Person,0
Mouloud_Hamrouche,4728,Person,0
Moussa_Faki_Mahamat,4729,Person,0
Moussa_Ibrahim,4730,Person,0
Moussa_Traoré,4731,Person,0
Movement_for_Democratic_Change,4732,Political Party,3
Movement_for_the_Survival_of_the_Ogoni_People,4733,Political Party,3
Movement_of_Society_for_Peace,4734,Political Party,3
Movladi_Saidarbievich_Udugov,4735,Person,0
Mswati_III,4736,Person,0
Muammar_al-Qaddafi,4737,Person,0
Muhammad_bin_Nayef,4738,Person,0
Muhammadiyah,4739,Location/Other,8
Muhammadu_Buhari,4740,Person,0
Mujahideen_(Afghanistan),4741,Person,0
Mujahideen_(Bangladesh),4742,Person,0
Mujahideen_(Indonesia),4743,Person,0
Mujahideen_(Somalia),4744,Person,0
Mujahideen_(Syria),4745,Person,0
Mujahidin_Shura_Council_in_the_Environs_of_Jerusalem,4746,Organization,4
Mukhtar_Ramalan_Yero,4747,Person,0
Mulatu_Teshome,4748,Person,0
Mulikat_Akande-Adeola,4749,Person,0
Municipal_Court_(Czech_Republic),4750,Government,1
Municipal_Court_(Namibia),4751,Government,1
Municipal_Court_(Thailand),4752,Government,1
Murat_Yetkin,4753,Person,0
Murderer_(Argentina),4754,Person,0
Murderer_(Chile),4755,Person,0
Murderer_(China),4756,Person,0
Murderer_(Guinea),4757,Person,0
Murderer_(Kenya),4758,Person,0
Murderer_(New_Zealand),4759,Person,0
Murderer_(Nigeria),4760,Person,0
"Murderer_(Palestinian_Territory,_Occupied)",4761,Person,0
Murderer_(Philippines),4762,Person,0
Murderer_(Slovakia),4763,Person,0
Murderer_(South_Africa),4764,Person,0
Murderer_(Spain),4765,Person,0
Murderer_(Syria),4766,Person,0
Murderer_(Ukraine),4767,Person,0
Murli_Deora,4768,Person,0
Murtala_Nyako,4769,Person,0
Musa_Cerantonio,4770,Person,0
Musa_Yego,4771,Person,0
Mushahidullah_Khan,4772,Person,0
Muslim_(Afghanistan),4773,Person,0
Muslim_(Africa),4774,Person,0
Muslim_(Bulgaria),4775,Person,0
Muslim_(Indonesia),4776,Person,0
Muslim_(Kazakhstan),4777,Person,0
Muslim_(Latvia),4778,Media,7
Muslim_(Lebanon),4779,Person,0
Muslim_(Libya),4780,Person,0
Muslim_(Malaysia),4781,Person,0
Muslim_(Myanmar),4782,Person,0
Muslim_(Nigeria),4783,Person,0
Muslim_(Singapore),4784,Person,0
Muslim_(South_Africa),4785,Person,0
Muslim_(Sudan),4786,Person,0
Muslim_(Syria),4787,Person,0
Muslim_(United_Arab_Emirates),4788,Person,0
Muslim_(United_Kingdom),4789,Person,0
Muslim_(United_States),4790,Person,0
Muslim_(Yemen),4791,Person,0
Muslim_Cleric_(China),4792,Person,0
Muslim_Cleric_(Libya),4793,Person,0
Muslim_Cleric_(Philippines),4794,Person,0
Muslim_Cleric_(United_Kingdom),4795,Person,0
Muslim_Militant_(Iran),4796,Person,0
Muslim_Militant_(Lebanon),4797,Person,0
Muslim_Militant_(Philippines),4798,Person,0
Muslim_Rights_Concern,4799,Person,0
Mustafa_Abu_Shagur,4800,Person,0
Mustafa_Dzhemilev,4801,Person,0
Mustapha_Akanbi,4802,Person,0
Mutembo_Nchito,4803,Person,0
Mwai_Kibaki,4804,Person,0
Myanmar,4805,Location/Other,8
Mzukisi_Fatyela,4806,Person,0
Nabih_Berri,4807,Person,0
Nabil_Abu-Rudaynah,4808,Person,0
Nadezhda_Tolokonnikova,4809,Person,0
Nadine_Heredia,4810,Person,0
Naglaa_el-Ahwani,4811,Person,0
Naglis_Puteikis,4812,Person,0
Nagorno-Karabakh_Republic,4813,Person,0
Naha_Mint_Mouknass,4814,Person,0
Naharnet,4815,Location/Other,8
Nahas_Angula,4816,Person,0
Najam_Sethi,4817,Person,0
Nangolo_Mbumba,4818,Person,0
Naoki_Inose,4819,Person,0
Narasimha_Rao,4820,Person,0
Narongchai_Akrasanee,4821,Person,0
Nasser_Judeh,4822,Person,0
Natalya_Timakova,4823,Person,0
Natascha_Maria_Kampusch,4824,Person,0
Nathalie_Kosciusko-Morizet,4825,Person,0
Nathan_Cirillo,4826,Person,0
Nathif_Jama,4827,Person,0
Natik_Abbas_Hasan_al-Bayati,4828,Person,0
Nation_Media_Group,4829,Organization,4
National_Action_Party_(Mexico),4830,Political Party,3
National_Agency_for_Food_and_Drug_Administration_and_Control,4831,Government,1
National_Airline_(Nigeria),4832,Person,0
National_Alliance_(Egypt),4833,Person,0
National_Alliance_(Iraq),4834,Person,0
National_Alliance_(Kenya),4835,Person,0
National_Alliance_(South_Korea),4836,Person,0
National_Anti-Corruption_Commission_(China),4837,Government,1
National_Anti-Corruption_Commission_(Thailand),4838,Government,1
National_Assembly_of_Kuwait,4839,Person,0
National_Assembly_of_Pakistan,4840,Person,0
National_Bank_of_Rwanda,4841,Business,5
National_Board_of_Revenue_(Bangladesh),4842,Person,0
National_Border_Service,4843,Person,0
National_Coalition_Party,4844,Political Party,3
National_Coalition_for_Syrian_Revolutionary_and_Opposition_Forces,4845,Military,2
National_Congress_(Sudan),4846,Person,0
National_Council_for_Peace_and_Order_of_Thailand,4847,Organization,4
National_Democratic_Front_(Philippines),4848,Political Party,3
National_Democratic_Party,4849,Political Party,3
National_Democratic_Party_(Germany),4850,Political Party,3
National_Directorate_of_Security,4851,Person,0
National_Economic_Council_(Nigeria),4852,Government,1
National_Election_Committee,4853,Organization,4
National_Front_Malaysia,4854,Political Party,3
National_Health_and_Family_Planning_Commission,4855,Government,1
National_Hurricane_Center,4856,Person,0
National_Intelligence_Agency,4857,Person,0
National_Intelligence_Bureau_(Afghanistan),4858,Person,0
National_Intelligence_Bureau_(China),4859,Person,0
National_Intelligence_Bureau_(Egypt),4860,Person,0
National_Intelligence_Bureau_(Nigeria),4861,Person,0
National_Intelligence_Bureau_(Pakistan),4862,Person,0
National_Iranian_Oil_Refining_and_Distribution_Company,4863,Business,5
National_Iranian_Petrochemical_Company,4864,Business,5
National_Iranian_Tanker_Company,4865,Business,5
National_Liberal_Party,4866,Political Party,3
National_Liberal_Party_(Romania),4867,Political Party,3
National_Liberation_Army,4868,Military,2
National_Liberation_Party,4869,Political Party,3
National_Party_(Egypt),4870,Political Party,3
National_Party_(India),4871,Political Party,3
National_Party_(Mozambique),4872,Political Party,3
National_Party_(Pakistan),4873,Political Party,3
National_Party_(Sudan),4874,Political Party,3
National_Party_(Uruguay),4875,Political Party,3
National_Patriotic_Front_of_Liberia,4876,Political Party,3
National_People's_Party,4877,Political Party,3
National_Police,4878,Military,2
National_Police_Service,4879,Military,2
National_Radio_and_Television,4880,Person,0
National_Reform_Movement,4881,Political Party,3
National_Resistance_Movement,4882,Political Party,3
National_Restoration_Party,4883,Political Party,3
National_Salvation_Government,4884,Government,1
National_Secretariat_of_the_Polisario,4885,Person,0
National_Security_Advisor_(Afghanistan),4886,Person,0
National_Security_Advisor_(Georgia),4887,Person,0
National_Security_Advisor_(India),4888,Person,0
National_Security_Advisor_(Iraq),4889,Person,0
National_Security_Advisor_(Japan),4890,Person,0
National_Security_Advisor_(Northern_Ireland),4891,Person,0
National_Security_Advisor_(South_Korea),4892,Person,0
National_Security_Advisor_(Thailand),4893,Person,0
National_Security_Advisor_(United_Kingdom),4894,Person,0
National_Security_and_Intelligence_Services,4895,Person,0
National_Social_Security_Authority,4896,Government,1
National_Transitional_Council,4897,Organization,4
National_Union_Party_(Colombia),4898,Political Party,3
National_Union_Party_(France),4899,Political Party,3
National_Union_Party_(Kenya),4900,Political Party,3
National_Union_Party_(Romania),4901,Political Party,3
National_Union_Party_(South_Africa),4902,Political Party,3
National_Union_for_the_Progress_of_Romania,4903,Political Party,3
National_United_Front_for_Democracy_Against_Dictatorship,4904,Political Party,3
National_Unity_Democratic_Organisation,4905,Person,0
National_Unity_Party_(Somalia),4906,Political Party,3
National_Youth_Service,4907,Person,0
Nationalist_Movement_Party,4908,Political Party,3
Naval_(Angola),4909,Person,0
Naval_(Bangladesh),4910,Person,0
Naval_(Brunei),4911,Person,0
Naval_(China),4912,Person,0
Naval_(Dominican_Republic),4913,Person,0
Naval_(Germany),4914,Person,0
Naval_(Indonesia),4915,Person,0
Naval_(Iraq),4916,Person,0
Naval_(Romania),4917,Person,0
Naval_(Sri_Lanka),4918,Person,0
Naval_(Thailand),4919,Person,0
Naval_(Ukraine),4920,Person,0
Naval_(United_Kingdom),4921,Person,0
Naval_(United_States),4922,Person,0
Naval_(Yemen),4923,Person,0
Naval_Base_(India),4924,Person,0
Naval_Base_(Philippines),4925,Person,0
Navy_Personnel_(India),4926,Military,2
Navy_Personnel_(Iraq),4927,Military,2
Navy_Personnel_(Rwanda),4928,Military,2
Nawa-i-Waqt,4929,Location/Other,8
Naxali,4930,Location/Other,8
Nazario_Moreno_González,4931,Person,0
Nazrul_Islam,4932,Person,0
Nelson_Cosme,4933,Person,0
Neri_Geller,4934,Person,0
Nermin_Niksic,4935,Person,0
Nestor_Kirchner,4936,Person,0
Nestor_Shufrych,4937,Person,0
New_Azerbaijan_Party,4938,Political Party,3
New_Democracy,4939,Person,0
New_England,4940,Person,0
New_Flemish_Alliance,4941,Person,0
New_Party_(Brazil),4942,Political Party,3
New_Party_(Egypt),4943,Political Party,3
New_Party_(Italy),4944,Political Party,3
New_Party_(Latvia),4945,Political Party,3
New_Party_(Malaysia),4946,Political Party,3
New_Patriotic_Party,4947,Political Party,3
New_Wafd_Party,4948,Political Party,3
New_Way_Movement,4949,Political Party,3
New_Zealand,4950,Person,0
News_Editor_(China),4951,Media,7
News_Editor_(Egypt),4952,Media,7
News_Editor_(France),4953,Media,7
News_Editor_(Indonesia),4954,Media,7
News_Editor_(Iraq),4955,Media,7
News_Editor_(Kazakhstan),4956,Media,7
News_Editor_(Kyrgyzstan),4957,Media,7
News_Editor_(Liberia),4958,Media,7
News_Editor_(Libya),4959,Media,7
News_Editor_(Niger),4960,Media,7
News_Editor_(Nigeria),4961,Media,7
News_Editor_(Romania),4962,Media,7
News_Editor_(Russia),4963,Media,7
News_Editor_(Serbia),4964,Media,7
News_Editor_(South_Korea),4965,Media,7
News_Editor_(South_Sudan),4966,Media,7
News_Editor_(Sudan),4967,Media,7
News_Editor_(Swaziland),4968,Media,7
News_Editor_(Tanzania),4969,Media,7
News_Editor_(United_Kingdom),4970,Media,7
News_Editor_(United_States),4971,Media,7
Newspaper_(Afghanistan),4972,Media,7
Newspaper_(Austria),4973,Media,7
Newspaper_(Cuba),4974,Media,7
Newspaper_(France),4975,Media,7
Newspaper_(Germany),4976,Media,7
Newspaper_(Greece),4977,Media,7
Newspaper_(India),4978,Media,7
Newspaper_(Japan),4979,Media,7
Newspaper_(Malaysia),4980,Media,7
Newspaper_(Myanmar),4981,Media,7
Newspaper_(Norway),4982,Media,7
"Newspaper_(Palestinian_Territory,_Occupied)",4983,Media,7
Newspaper_(Poland),4984,Media,7
Newspaper_(Qatar),4985,Media,7
Newspaper_(Senegal),4986,Media,7
Newspaper_(South_Africa),4987,Media,7
Newspaper_(South_Korea),4988,Media,7
Newspaper_(Sudan),4989,Media,7
Newspaper_(Tajikistan),4990,Media,7
Newspaper_(Uganda),4991,Media,7
Ng_Eng_Hen,4992,Person,0
Nguyen_Phu_Trong,4993,Person,0
Nguyen_Xuan_Phuc,4994,Person,0
Nhial_Deng_Nhial,4995,Person,0
"Nicholas_""Nick""_Xenophon",4996,Person,0
Nicholas_Haysom,4997,Person,0
Nicholas_Hugh_Minchin,4998,Business,5
Nickey_Iyambo,4999,Person,0
Nicola_Sturgeon,5000,Person,0
Nicolai_Wammen,5001,Person,0
Nicos_Anastasiades,5002,Person,0
Nidec_Corporation,5003,Business,5
Niger,5004,Location/Other,8
Niger_Delta_Development_Commission,5005,Government,1
Niger_Delta_Liberation_Force,5006,Military,2
Nigeria_Prays,5007,Person,0
Nigerian_Bar_Association,5008,Organization,4
Nigerian_Communication_Satellite,5009,Person,0
Nigerian_Governors_Forum,5010,Person,0
Nigerian_National_Petroleum_Corporation,5011,Business,5
Nigerian_Navy,5012,Military,2
Nigerian_Television_Authority,5013,Government,1
Nigerian_Tribune,5014,Person,0
Niko_Peleshi,5015,Person,0
Nikolai_Ivanovich_Ryzhkov,5016,Person,0
Nikolay_Nenchev,5017,Person,0
Nikolay_Tsukanov,5018,Person,0
Nikos_Christodoulides,5019,Person,0
Nipat_Thonglek,5020,Person,0
Nir_Barkat,5021,Person,0
Niue,5022,Location/Other,8
Noh_Kwang-il,5023,Person,0
Nokia,5024,Location/Other,8
Nomgcobo_Jiba,5025,Person,0
Nonaligned_Movement,5026,Political Party,3
Nonofo_Molefhi,5027,Person,0
Noppadon_Pattama,5028,Person,0
Nordic_Council,5029,Organization,4
Norfolk_Island,5030,Person,0
Norman_Quijano,5031,Person,0
Norodom_Sihanouk,5032,Person,0
Norov_Altankhuyag,5033,Person,0
North_America,5034,Person,0
North_American_Aerospace_Defense_Command,5035,Military,2
North_Atlantic_Treaty_Organization,5036,Organization,4
North_Korea,5037,Person,0
North_Ossetia-Alania,5038,Person,0
Northern_Ireland,5039,Person,0
Novartis,5040,Location/Other,8
Nuer,5041,Location/Other,8
Numan_Kurtulmus,5042,Person,0
Nuon_Chea,5043,Person,0
Nur_Ahmad_Nikbakht,5044,Person,0
Nur_Hossain,5045,Person,0
Nuri_al-Maliki,5046,Person,0
Nurse_(Africa),5047,Person,0
Nurse_(Cambodia),5048,Person,0
Nurse_(France),5049,Person,0
Nurse_(India),5050,Person,0
Nurse_(Iran),5051,Person,0
Nurse_(Iraq),5052,Person,0
Nurse_(Jordan),5053,Person,0
Nurse_(Kenya),5054,Person,0
Nurse_(Nigeria),5055,Person,0
Nurse_(North_Korea),5056,Person,0
Nurse_(Pakistan),5057,Person,0
Nurse_(South_Africa),5058,Person,0
Nurse_(Switzerland),5059,Person,0
Nurse_(United_States),5060,Person,0
Nurse_(Venezuela),5061,Person,0
Nurul_Izzah_Anwar,5062,Person,0
OMV,5063,Location/Other,8
Obaid_Humaid_Al_Tayer,5064,Person,0
Obed_Bapela,5065,Person,0
Obert_Mpofu,5066,Person,0
Observers_In_(Yemen),5067,Person,0
Office_of_the_Attorney_General,5068,Person,0
Office_of_the_United_Nations_High_Commissioner_for_Human_Rights,5069,Government,1
Ofwono_Opondo,5070,Person,0
Ogaden_National_Liberation_Front,5071,Political Party,3
Ogbeni_Rauf_Aregbesola,5072,Person,0
Oil_Tanker_(Australia),5073,Person,0
Oil_Tanker_(Bangladesh),5074,Person,0
Oil_Tanker_(Cuba),5075,Person,0
Oil_Tanker_(Iraq),5076,Person,0
Oil_Tanker_(South_Sudan),5077,Person,0
Okada_Katsuya,5078,Person,0
Okey_Wali,5079,Person,0
Okoth_Obado,5080,Person,0
Olagunsoye_Oyinlola,5081,Person,0
Olajide_Laleye,5082,Person,0
Oleg_Ostapenko,5083,Person,0
Oleh_Lyashko,5084,Person,0
Olga_Golodets,5085,Person,0
Olga_Kefalogianni,5086,Person,0
Olga_Lavrova,5087,Person,0
Olisa_Agbakoba,5088,Person,0
Olugbenga_Ashiru,5089,Person,0
Olusegun_Agbaje,5090,Person,0
Oluṣẹgun_Ọbasanjọ,5091,Person,0
Oman,5092,Location/Other,8
Omar_Abdel-Rahman,5093,Person,0
Omar_Abdullah,5094,Person,0
Omar_Chehade,5095,Person,0
Omar_Suleiman,5096,Person,0
Ombudsman_(Australia),5097,Person,0
Ombudsman_(Bolivia),5098,Person,0
Ombudsman_(Czech_Republic),5099,Person,0
Ombudsman_(Georgia),5100,Person,0
Ombudsman_(Kyrgyzstan),5101,Person,0
Ombudsman_(Mexico),5102,Person,0
Ombudsman_(Namibia),5103,Person,0
Ombudsman_(Papua_New_Guinea),5104,Person,0
Ombudsman_(Slovakia),5105,Person,0
Ombudsman_(South_Africa),5106,Person,0
Ombudsman_(Thailand),5107,Person,0
Ombudsman_(Turkey),5108,Person,0
Ombudsman_(Ukraine),5109,Person,0
Ombudsman_(Venezuela),5110,Person,0
Ona,5111,Location/Other,8
Ondrej_Liska,5112,Person,0
Oodua_Peoples_Congress,5113,Person,0
Oommen_Chandy,5114,Person,0
Opposition_Activist_(Bahrain),5115,Person,0
Opposition_Activist_(Bangladesh),5116,Person,0
Opposition_Activist_(Kuwait),5117,Person,0
Opposition_Activist_(Thailand),5118,Person,0
Opposition_Activist_(Ukraine),5119,Person,0
Opposition_Coalition_(Bangladesh_Nationalist_Party),5120,Political Party,3
Opposition_Coalition_(Coalition_for_Democratic_Unity),5121,Person,0
Opposition_Coalition_(Mauritania),5122,Person,0
Opposition_Coalition_(Sudan),5123,Person,0
Opposition_Coalition_(Sweden),5124,Person,0
Opposition_Coalition_(Venezuela),5125,Person,0
Opposition_Force_(Saudi_Arabia),5126,Military,2
Opposition_Force_(Syria),5127,Military,2
Opposition_Supporter_(Cambodia),5128,Political Party,3
Opposition_Supporter_(Georgia),5129,Political Party,3
Opposition_Supporter_(India),5130,Political Party,3
Opposition_Supporter_(National_Umma_Party),5131,Political Party,3
Opposition_Supporter_(Nigeria),5132,Political Party,3
Opposition_Supporter_(Pakistan),5133,Political Party,3
Opposition_Supporter_(Tanzania),5134,Political Party,3
Opposition_Supporter_(Turkey),5135,Political Party,3
Opposition_Supporter_(Venezuela),5136,Political Party,3
Organisation_of_Islamic_Cooperation,5137,Person,0
Organization_of_African_Unity,5138,Organization,4
Organization_of_Petroleum_Exporting_Countries,5139,Organization,4
Organized_Crime_(Brazil),5140,Person,0
Organized_Crime_(Burkina_Faso),5141,Person,0
Organized_Crime_(China),5142,Person,0
Organized_Crime_(Holy_See_(Vatican_City_State)),5143,Person,0
Organized_Crime_(Mexico),5144,Person,0
Organized_Crime_(Thailand),5145,Person,0
Orlando_Zapata,5146,Person,0
Other_Authorities_/_Officials_(Africa),5147,Person,0
Other_Authorities_/_Officials_(Armenia),5148,Person,0
Other_Authorities_/_Officials_(Bahrain),5149,Person,0
Other_Authorities_/_Officials_(Brazil),5150,Person,0
Other_Authorities_/_Officials_(Burundi),5151,Person,0
Other_Authorities_/_Officials_(Chad),5152,Person,0
Other_Authorities_/_Officials_(Chile),5153,Person,0
Other_Authorities_/_Officials_(China),5154,Person,0
Other_Authorities_/_Officials_(Christmas_Island),5155,Person,0
Other_Authorities_/_Officials_(Crimea),5156,Person,0
Other_Authorities_/_Officials_(Democratic_Republic_of_Congo),5157,Person,0
Other_Authorities_/_Officials_(Egypt),5158,Person,0
Other_Authorities_/_Officials_(El_Salvador),5159,Person,0
Other_Authorities_/_Officials_(Ethiopia),5160,Person,0
Other_Authorities_/_Officials_(Gambia),5161,Person,0
Other_Authorities_/_Officials_(Ghana),5162,Person,0
Other_Authorities_/_Officials_(Greece),5163,Person,0
Other_Authorities_/_Officials_(Guatemala),5164,Person,0
Other_Authorities_/_Officials_(Guinea),5165,Person,0
Other_Authorities_/_Officials_(Haiti),5166,Person,0
Other_Authorities_/_Officials_(Hong_Kong),5167,Person,0
Other_Authorities_/_Officials_(Jamaica),5168,Person,0
Other_Authorities_/_Officials_(Jordan),5169,Person,0
Other_Authorities_/_Officials_(Kazakhstan),5170,Person,0
Other_Authorities_/_Officials_(Lebanon),5171,Person,0
Other_Authorities_/_Officials_(Liberia),5172,Person,0
Other_Authorities_/_Officials_(Libya),5173,Person,0
Other_Authorities_/_Officials_(Madagascar),5174,Person,0
Other_Authorities_/_Officials_(Mali),5175,Person,0
Other_Authorities_/_Officials_(Mauritania),5176,Person,0
Other_Authorities_/_Officials_(Mexico),5177,Person,0
Other_Authorities_/_Officials_(Mozambique),5178,Person,0
Other_Authorities_/_Officials_(Namibia),5179,Person,0
Other_Authorities_/_Officials_(Nepal),5180,Person,0
Other_Authorities_/_Officials_(New_Zealand),5181,Person,0
Other_Authorities_/_Officials_(Nigeria),5182,Person,0
Other_Authorities_/_Officials_(Oman),5183,Person,0
Other_Authorities_/_Officials_(Peru),5184,Person,0
Other_Authorities_/_Officials_(Philippines),5185,Person,0
Other_Authorities_/_Officials_(Romania),5186,Person,0
Other_Authorities_/_Officials_(Russia),5187,Person,0
Other_Authorities_/_Officials_(Sierra_Leone),5188,Person,0
Other_Authorities_/_Officials_(Somalia),5189,Person,0
Other_Authorities_/_Officials_(South_Africa),5190,Person,0
Other_Authorities_/_Officials_(Swaziland),5191,Person,0
Other_Authorities_/_Officials_(Sweden),5192,Person,0
Other_Authorities_/_Officials_(Switzerland),5193,Person,0
Other_Authorities_/_Officials_(Tonga),5194,Person,0
Other_Authorities_/_Officials_(Turkey),5195,Person,0
Other_Authorities_/_Officials_(United_States),5196,Person,0
Other_Authorities_/_Officials_(Venezuela),5197,Person,0
Other_Authorities_/_Officials_(Vietnam),5198,Person,0
Other_Authorities_/_Officials_(Zimbabwe),5199,Person,0
Overseas_Development_Institute,5200,Education,6
Oversight_Court_(Azerbaijan),5201,Government,1
Oversight_Court_(Bangladesh),5202,Government,1
Oversight_Court_(Bulgaria),5203,Government,1
Oversight_Court_(Cyprus),5204,Government,1
Oversight_Court_(Ecuador),5205,Government,1
Oversight_Court_(Ghana),5206,Government,1
Oversight_Court_(Mozambique),5207,Government,1
Oversight_Court_(Nigeria),5208,Government,1
Oversight_Court_(North_Korea),5209,Government,1
Oversight_Court_(South_Korea),5210,Government,1
Oversight_Court_(Turkey),5211,Government,1
Owen_Ellington,5212,Person,0
Oxford_University,5213,Education,6
PTT_Public_Company_Limited,5214,Business,5
Pablo_Escobar,5215,Person,0
Pablo_Mieres,5216,Person,0
Paddy_Ashdown,5217,Person,0
Pakistan_People's_Party,5218,Political Party,3
Pakistan_Tehreek-e-Insaf,5219,Person,0
Pakistan_administered_Kashmir,5220,Person,0
Panasonic,5221,Location/Other,8
Panfilio_Lacson,5222,Person,0
Panhellenic_Socialist_Movement,5223,Political Party,3
Paolo_Gentiloni,5224,Person,0
"Paquito_Ochoa,_Jr.",5225,Person,0
Paraguay,5226,Location/Other,8
Paris_Club,5227,Person,0
Park_Won-soon,5228,Person,0
Parliament_of_South_Africa,5229,Government,1
Party_Member_(Afghanistan),5230,Political Party,3
Party_Member_(Azerbaijan),5231,Political Party,3
Party_Member_(Bahrain),5232,Political Party,3
Party_Member_(Bangladesh),5233,Political Party,3
Party_Member_(Belarus),5234,Political Party,3
Party_Member_(Bolivia),5235,Political Party,3
Party_Member_(Botswana),5236,Political Party,3
Party_Member_(Burkina_Faso),5237,Political Party,3
Party_Member_(Canada),5238,Political Party,3
Party_Member_(Colombia),5239,Political Party,3
Party_Member_(Croatia),5240,Political Party,3
Party_Member_(Czech_Republic),5241,Political Party,3
Party_Member_(Gambia),5242,Political Party,3
Party_Member_(Iran),5243,Political Party,3
Party_Member_(Iraq),5244,Political Party,3
Party_Member_(Ireland),5245,Political Party,3
Party_Member_(Japan),5246,Political Party,3
Party_Member_(Jordan),5247,Political Party,3
Party_Member_(Kosovo),5248,Political Party,3
Party_Member_(Kyrgyzstan),5249,Political Party,3
Party_Member_(Latvia),5250,Political Party,3
Party_Member_(Lesotho),5251,Political Party,3
Party_Member_(Malawi),5252,Political Party,3
Party_Member_(Moldova),5253,Political Party,3
Party_Member_(North_Korea),5254,Political Party,3
Party_Member_(Papua_New_Guinea),5255,Political Party,3
Party_Member_(Peru),5256,Political Party,3
Party_Member_(Saudi_Arabia),5257,Political Party,3
Party_Member_(Slovakia),5258,Political Party,3
Party_Member_(Sri_Lanka),5259,Political Party,3
Party_Member_(Taiwan),5260,Political Party,3
Party_Member_(Tanzania),5261,Political Party,3
Party_Member_(Thailand),5262,Political Party,3
Party_Member_(Turkey),5263,Political Party,3
Party_Member_(United_Kingdom),5264,Political Party,3
Party_Member_(Vietnam),5265,Political Party,3
Party_Member_(Yemen),5266,Political Party,3
Party_Member_(Zambia),5267,Political Party,3
Party_President_(Bharatiya_Janata),5268,Person,0
Party_President_(Chama_Cha_Uzalendo),5269,Person,0
Party_President_(Congress_Party),5270,Person,0
Party_President_(Cyprus),5271,Person,0
Party_President_(Fiji),5272,Person,0
Party_President_(Greece),5273,Person,0
Party_President_(Italy),5274,Person,0
Party_President_(Malawi),5275,Person,0
Party_President_(Mauritania),5276,Person,0
Party_President_(Meretz),5277,Person,0
Party_President_(Nepal),5278,Person,0
Party_President_(Pheu_Thai_Party),5279,Person,0
Party_President_(Romania),5280,Person,0
Party_President_(Samajwadi_Janata_Party),5281,Person,0
Party_President_(South_Korea),5282,Person,0
Party_President_(Telugu_Desam_Party),5283,Person,0
Party_President_(Turkey),5284,Person,0
Party_President_(United_Kingdom),5285,Person,0
Party_President_(Zambia),5286,Person,0
Party_President_(Zimbabwe),5287,Person,0
Party_of_Free_Life_of_Kurdistan,5288,Political Party,3
Party_of_National_Unity,5289,Political Party,3
Party_of_Regions,5290,Political Party,3
Pascal_Affi_N'Guessan,5291,Person,0
Pascal_Simbikangwa,5292,Person,0
Passenger_Jet_(Iran),5293,Person,0
Passenger_Jet_(Maldives),5294,Person,0
Pasuya_Yao,5295,Person,0
Pat_McCrory,5296,Person,0
Patience_Jonathan,5297,Person,0
Patria,5298,Location/Other,8
Patrice_Paoli,5299,Person,0
Patricia_de_Lille,5300,Person,0
Patrick_Brazeau,5301,Person,0
Patrick_Dewael,5302,Person,0
Patrick_Manning,5303,Person,0
Paul_Chibingu,5304,Person,0
Paul_Kagame,5305,Person,0
Paul_LePage,5306,Person,0
Paulo_Antonio_Skaf,5307,Person,0
Pavel_Belobradek,5308,Person,0
Pavel_Gubarev,5309,Person,0
Pavel_Zeman,5310,Person,0
Pavlo_Klimkin,5311,Person,0
Pavlo_Sheremeta,5312,Person,0
Pavol_Hrusovský,5313,Person,0
Pavol_Pavlis,5314,Person,0
Pdea,5315,Location/Other,8
"Peace,_Unity,_and_Development_Party",5316,Political Party,3
Peace_Action,5317,Person,0
Peace_and_Security_Council,5318,Organization,4
Peacekeeping_Troop_(Africa),5319,Military,2
Peacekeeping_Troop_(African_Union),5320,Military,2
Peacekeeping_Troop_(Central_African_Republic),5321,Military,2
Peacekeeping_Troop_(Congo),5322,Military,2
Peacekeeping_Troop_(Croatia),5323,Military,2
Peacekeeping_Troop_(Fiji),5324,Military,2
Peacekeeping_Troop_(Niger),5325,Military,2
Peacekeeping_Troop_(Pakistan),5326,Military,2
Peacekeeping_Troop_(Sudan),5327,Military,2
Peacekeeping_Troop_(Uganda),5328,Military,2
Pedro_Cateriano_Bellido,5329,Person,0
Pedro_Flores,5330,Person,0
Pedro_Joaquin_Coldwell,5331,Person,0
Pedro_Manuel_Mamede_Passos_Coelho,5332,Person,0
Pendukeni_Iivula-Ithana,5333,Person,0
People's_Congress_(Oodua_Peoples_Congress),5334,Person,0
People's_Democratic_Party_(Benin),5335,Person,0
People's_Democratic_Party_(Egypt),5336,Person,0
People's_Democratic_Party_(Norway),5337,Person,0
People's_Democratic_Party_(United_Kingdom),5338,Person,0
People's_Democratic_Party_(United_States),5339,Person,0
People_Associated_with_the_Opposition_(Albania),5340,Person,0
People_Associated_with_the_Opposition_(Argentina),5341,Person,0
People_Associated_with_the_Opposition_(Australia),5342,Person,0
People_Associated_with_the_Opposition_(Bahrain),5343,Person,0
People_Associated_with_the_Opposition_(Bangladesh),5344,Person,0
People_Associated_with_the_Opposition_(Benin),5345,Person,0
People_Associated_with_the_Opposition_(Brazil),5346,Person,0
People_Associated_with_the_Opposition_(China),5347,Person,0
People_Associated_with_the_Opposition_(Congo),5348,Person,0
People_Associated_with_the_Opposition_(Croatian_Democratic_Union),5349,Person,0
People_Associated_with_the_Opposition_(Czech_Republic),5350,Person,0
People_Associated_with_the_Opposition_(Egypt),5351,Person,0
People_Associated_with_the_Opposition_(France),5352,Person,0
People_Associated_with_the_Opposition_(Gabon),5353,Person,0
People_Associated_with_the_Opposition_(Germany),5354,Person,0
People_Associated_with_the_Opposition_(Islamic_Rebirth_Party),5355,Person,0
People_Associated_with_the_Opposition_(Lithuania),5356,Person,0
People_Associated_with_the_Opposition_(Mauritania),5357,Person,0
People_Associated_with_the_Opposition_(National_Coalition_for_Syrian_Revolutionary_and_Opposition_Forces),5358,Person,0
People_Associated_with_the_Opposition_(Niger),5359,Person,0
People_Associated_with_the_Opposition_(Russia),5360,Person,0
People_Associated_with_the_Opposition_(Seimas_of_the_Lithuanian_Republic),5361,Person,0
People_Associated_with_the_Opposition_(Spain),5362,Person,0
People_Associated_with_the_Opposition_(Sri_Lanka),5363,Person,0
People_Associated_with_the_Opposition_(Sweden),5364,Person,0
People_Associated_with_the_Opposition_(Taiwan),5365,Person,0
People_Associated_with_the_Opposition_(Turkey),5366,Person,0
People_Associated_with_the_Opposition_(Ukraine),5367,Person,0
People_First_Party_Korea,5368,Political Party,3
People_First_Party_Taiwan,5369,Political Party,3
Pervez_Musharraf,5370,Person,0
Peter_Costello,5371,Person,0
Peter_Foster,5372,Person,0
Peter_Greste,5373,Person,0
Peter_Humphrey,5374,Person,0
Peter_Lerner,5375,Person,0
Peter_Nyombi,5376,Person,0
Peter_O'Neill,5377,Person,0
Peter_Phillips,5378,Person,0
Peter_Reith,5379,Person,0
Peter_Ryan,5380,Person,0
Peter_Szijjarto,5381,Person,0
Petro_Symonenko,5382,Person,0
Petrochina,5383,Location/Other,8
Petroleum_of_Venezuela,5384,Person,0
Pham_Binh_Minh,5385,Person,0
Phelekezela_Mphoko,5386,Person,0
Philip_Barton,5387,Person,0
Philip_Boedoro,5388,Person,0
Philip_Goldberg,5389,Person,0
Philip_Hammond,5390,Person,0
Philipp_Rösler,5391,Person,0
Philippe_Couillard,5392,Person,0
Philippine_Military_Academy,5393,Person,0
Philippine_Overseas_Employment_Administration,5394,Government,1
Philippines,5395,Location/Other,8
Phongthep_Thepkanjana,5396,Person,0
Phung_Quang_Thanh,5397,Person,0
Pier_Ferdinando_Casini,5398,Person,0
Pier_Luigi_Bersani,5399,Person,0
Pierre_Amine_Gemayel,5400,Person,0
Pierre_Korkie,5401,Person,0
Pierre_Laurent,5402,Person,0
Pierre_Mabiala,5403,Person,0
Pierre_Moussa,5404,Person,0
Pierre_Nkurunziza,5405,Person,0
Pierre_Richard_Casimir,5406,Person,0
Pierre_Vimont,5407,Person,0
Pietro_Parolin,5408,Person,0
Pilgrim_(India),5409,Person,0
Pilgrim_(Israel),5410,Person,0
Pilgrim_(Morocco),5411,Person,0
Pilgrim_(Pakistan),5412,Person,0
Pinarayi_Vijayan,5413,Person,0
Planning_Commission_(India),5414,Government,1
Planning_Commission_(Namibia),5415,Government,1
Planning_Commission_(Nigeria),5416,Government,1
Pogu_Bitrus,5417,Person,0
Pokhrel,5418,Location/Other,8
Pokot,5419,Location/Other,8
Pol_Gen_Somyot_Poompanmoung,5420,Person,0
Poland,5421,Location/Other,8
Police_(Albania),5422,Military,2
Police_(Australia),5423,Military,2
Police_(Austria),5424,Military,2
Police_(Belgium),5425,Military,2
Police_(Benin),5426,Military,2
Police_(Bosnia_and_Herzegovina),5427,Military,2
Police_(Brunei),5428,Military,2
Police_(Bulgaria),5429,Military,2
Police_(Burkina_Faso),5430,Military,2
Police_(Burundi),5431,Military,2
Police_(Cambodia),5432,Military,2
Police_(Canada),5433,Military,2
Police_(Central_African_Republic),5434,Military,2
Police_(Congo),5435,Military,2
Police_(Costa_Rica),5436,Military,2
Police_(Cote_d'Ivoire),5437,Military,2
Police_(Croatia),5438,Military,2
Police_(Dominica),5439,Military,2
Police_(Dominican_Republic),5440,Military,2
Police_(Egypt),5441,Military,2
Police_(El_Salvador),5442,Military,2
Police_(Eritrea),5443,Military,2
Police_(Ethiopia),5444,Military,2
Police_(French_Polynesia),5445,Military,2
Police_(Gambia),5446,Military,2
Police_(Greece),5447,Military,2
Police_(Guinea),5448,Military,2
Police_(Hong_Kong),5449,Military,2
Police_(Indonesia),5450,Military,2
Police_(Israel),5451,Military,2
Police_(Jamaica),5452,Military,2
Police_(Japan),5453,Military,2
Police_(Jordan),5454,Military,2
Police_(Kenya),5455,Military,2
Police_(Kosovo),5456,Military,2
Police_(Kyrgyzstan),5457,Military,2
Police_(Libya),5458,Military,2
Police_(Luxembourg),5459,Military,2
Police_(Macedonia),5460,Military,2
Police_(Madagascar),5461,Military,2
Police_(Malawi),5462,Military,2
Police_(Malaysia),5463,Military,2
Police_(Maldives),5464,Military,2
Police_(Mauritania),5465,Military,2
Police_(Mauritius),5466,Military,2
Police_(Middle_East),5467,Military,2
Police_(Moldova),5468,Military,2
Police_(Mozambique),5469,Military,2
Police_(Namibia),5470,Military,2
Police_(New_Zealand),5471,Military,2
Police_(Paraguay),5472,Military,2
Police_(Peru),5473,Military,2
Police_(Philippines),5474,Military,2
Police_(Poland),5475,Military,2
Police_(Portugal),5476,Military,2
Police_(Qatar),5477,Military,2
Police_(Rwanda),5478,Military,2
Police_(Sao_Tome_and_Principe),5479,Military,2
Police_(Saudi_Arabia),5480,Military,2
Police_(Senegal),5481,Military,2
Police_(Sierra_Leone),5482,Military,2
Police_(Slovakia),5483,Military,2
Police_(South_Africa),5484,Military,2
Police_(South_Korea),5485,Military,2
Police_(South_Sudan),5486,Military,2
Police_(Southeast_Asia),5487,Military,2
Police_(Sudan),5488,Military,2
Police_(Swaziland),5489,Military,2
Police_(Sweden),5490,Military,2
Police_(Syria),5491,Military,2
Police_(Tanzania),5492,Military,2
Police_(Tonga),5493,Military,2
Police_(Turkmenistan),5494,Military,2
Police_(Uganda),5495,Military,2
Police_(Ukraine),5496,Military,2
Police_(United_States),5497,Military,2
Police_(Yemen),5498,Military,2
Political_Parties_(Abkhazia),5499,Person,0
Political_Parties_(Afghanistan),5500,Person,0
Political_Parties_(Algeria),5501,Person,0
Political_Parties_(Bolivia),5502,Person,0
Political_Parties_(Botswana),5503,Person,0
Political_Parties_(Brazil),5504,Person,0
Political_Parties_(Burkina_Faso),5505,Person,0
Political_Parties_(Central_African_Republic),5506,Person,0
Political_Parties_(Cote_d'Ivoire),5507,Person,0
Political_Parties_(Egypt),5508,Person,0
Political_Parties_(Fiji),5509,Person,0
Political_Parties_(Haiti),5510,Person,0
Political_Parties_(Indonesia),5511,Person,0
Political_Parties_(Italy),5512,Person,0
Political_Parties_(Kosovo),5513,Person,0
Political_Parties_(Lebanon),5514,Person,0
Political_Parties_(Liberia),5515,Person,0
Political_Parties_(Malawi),5516,Person,0
Political_Parties_(Mexico),5517,Person,0
Political_Parties_(Nepal),5518,Person,0
Political_Parties_(Northern_Ireland),5519,Person,0
Political_Parties_(Pakistan),5520,Person,0
"Political_Parties_(Palestinian_Territory,_Occupied)",5521,Person,0
Political_Parties_(Peru),5522,Person,0
Political_Parties_(Senegal),5523,Person,0
Political_Parties_(Tunisia),5524,Person,0
Political_Parties_(Yemen),5525,Person,0
Political_Parties_(Zambia),5526,Person,0
Pope_Francis,5527,Person,0
Pope_Tawadros_II,5528,Person,0
Popular_Assembly,5529,Person,0
Popular_Congress,5530,Person,0
Population_(Afghanistan),5531,Person,0
Population_(Angola),5532,Person,0
Population_(Argentina),5533,Person,0
Population_(Bahrain),5534,Person,0
Population_(Belgium),5535,Person,0
Population_(Brazil),5536,Person,0
Population_(Canada),5537,Person,0
Population_(Colombia),5538,Person,0
Population_(Congo),5539,Person,0
Population_(Democratic_Republic_of_Congo),5540,Person,0
Population_(Egypt),5541,Person,0
Population_(Iran),5542,Person,0
Population_(Iraq),5543,Person,0
Population_(Israel),5544,Person,0
Population_(Kenya),5545,Person,0
Population_(Madagascar),5546,Person,0
Population_(Morocco),5547,Person,0
Population_(Sierra_Leone),5548,Person,0
Population_(South_Africa),5549,Person,0
Population_(Southeast_Asia),5550,Person,0
Population_(Syria),5551,Person,0
Population_(Turkey),5552,Person,0
Population_(Uganda),5553,Person,0
Population_(Venezuela),5554,Person,0
Portia_Simpson_Miller,5555,Person,0
Portugal,5556,Location/Other,8
Prabhat_Kumar,5557,Person,0
Prabowo_Subianto,5558,Person,0
Prachanda,5559,Location/Other,8
Prajin_Jantong,5560,Person,0
Pramod_Mahajan,5561,Person,0
Pranjal_Yadav,5562,Person,0
Prapun_Naigowit,5563,Person,0
Pratibha_Patil,5564,Person,0
Prayuth_Chan-ocha,5565,Person,0
Preacher_(Australia),5566,Person,0
Preacher_(Cameroon),5567,Person,0
Preacher_(France),5568,Person,0
Preacher_(Indonesia),5569,Person,0
Preacher_(Iran),5570,Person,0
Preacher_(Kenya),5571,Person,0
Preacher_(Morocco),5572,Person,0
"Preacher_(Palestinian_Territory,_Occupied)",5573,Person,0
Preacher_(Qatar),5574,Person,0
Prem_Singh,5575,Person,0
Prem_Tinsulanonda,5576,Person,0
Preneet_Kaur,5577,Person,0
President_of_the_Senate_(Jordan),5578,Government,1
President_of_the_Senate_(Thailand),5579,Government,1
President_of_the_Senate_(United_Kingdom),5580,Government,1
Presidential_Aide_(Kazakhstan),5581,Person,0
Presidential_Aide_(Nigeria),5582,Person,0
Presidential_Aide_(Sierra_Leone),5583,Person,0
Presidential_Candidate_(Afghanistan),5584,Person,0
Presidential_Candidate_(Algeria),5585,Person,0
Presidential_Candidate_(Argentina),5586,Person,0
Presidential_Candidate_(Bolivia),5587,Person,0
Presidential_Candidate_(Indonesia),5588,Person,0
Presidential_Candidate_(Iraq),5589,Person,0
Presidential_Candidate_(Mauritania),5590,Person,0
Presidential_Candidate_(Mexico),5591,Person,0
Presidential_Candidate_(Mozambique),5592,Person,0
Presidential_Candidate_(Nigeria),5593,Person,0
Presidential_Family_(Guatemala),5594,Person,0
Presidential_Family_(Nicaragua),5595,Person,0
Presidential_Family_(Pakistan),5596,Person,0
Presidential_Family_(United_Kingdom),5597,Person,0
Presidential_Family_(United_States),5598,Person,0
Presidential_Majority,5599,Person,0
Presidential_Movement,5600,Political Party,3
Presidential_Press_Service_(Argentina),5601,Person,0
Presidential_Press_Service_(Canada),5602,Person,0
Presidential_Press_Service_(China),5603,Person,0
Presidential_Press_Service_(Department_of_Defense),5604,Person,0
Presidential_Press_Service_(Israel),5605,Person,0
Presidential_Press_Service_(Kazakhstan),5606,Person,0
Presidential_Press_Service_(Nigeria),5607,Person,0
Presidential_Press_Service_(Pakistan),5608,Person,0
Presidential_Press_Service_(Syria),5609,Person,0
Presidential_Press_Service_(Tajikistan),5610,Person,0
Press_Trust_of_India,5611,Media,7
Priest_(Australia),5612,Person,0
Priest_(France),5613,Person,0
Priest_(Holy_See_(Vatican_City_State)),5614,Person,0
Priest_(Iran),5615,Person,0
Priest_(Israel),5616,Person,0
Priest_(Russia),5617,Person,0
Priest_(Sri_Lanka),5618,Person,0
Priest_(Uganda),5619,Person,0
Priest_(United_States),5620,Person,0
Prime_Minister_Chaudhry,5621,Person,0
Prime_Minister_Qarase,5622,Person,0
Procter_&_Gamble,5623,Person,0
Professor_(Afghanistan),5624,Person,0
Professor_(Australia),5625,Person,0
Professor_(Benin),5626,Person,0
Professor_(Ethiopia),5627,Person,0
Professor_(Fiji),5628,Person,0
Professor_(Finland),5629,Person,0
Professor_(France),5630,Person,0
Professor_(Hong_Kong),5631,Person,0
Professor_(Iran),5632,Person,0
Professor_(Israel),5633,Person,0
Professor_(Lebanon),5634,Person,0
Professor_(Liberia),5635,Person,0
Professor_(Malawi),5636,Person,0
Professor_(Russia),5637,Person,0
Professor_(Senegal),5638,Person,0
Professor_(South_Korea),5639,Person,0
Professor_(Sweden),5640,Person,0
Professor_(Taiwan),5641,Person,0
Professor_(Tanzania),5642,Person,0
Professor_(Turkey),5643,Person,0
Professor_(Vietnam),5644,Person,0
Professor_(Zambia),5645,Person,0
Progressive_Movement,5646,Political Party,3
Progressive_Party_(Brazil),5647,Political Party,3
Progressive_Party_(Nigeria),5648,Political Party,3
Progressive_Party_(Serbia),5649,Political Party,3
Progressive_Political_Party,5650,Political Party,3
Progressive_Socialist_Party,5651,Political Party,3
Prosperous_Armenia,5652,Person,0
Protester_(Afghanistan),5653,Person,0
Protester_(Algeria),5654,Person,0
Protester_(Belgium),5655,Person,0
Protester_(Bosnia_and_Herzegovina),5656,Person,0
Protester_(Cote_d'Ivoire),5657,Person,0
Protester_(Crimea),5658,Person,0
Protester_(Cuba),5659,Person,0
Protester_(Democratic_Republic_of_Congo),5660,Person,0
Protester_(Egypt),5661,Person,0
Protester_(Ethiopia),5662,Person,0
Protester_(Georgia),5663,Person,0
Protester_(Guatemala),5664,Person,0
Protester_(Hong_Kong),5665,Person,0
Protester_(Indonesia),5666,Person,0
Protester_(Kyrgyzstan),5667,Person,0
Protester_(Landless_Workers'_Movement),5668,Person,0
Protester_(Lebanon),5669,Person,0
Protester_(Macedonia),5670,Person,0
Protester_(Morocco),5671,Person,0
Protester_(Myanmar),5672,Person,0
Protester_(Namibia),5673,Person,0
Protester_(Pakistan),5674,Person,0
Protester_(Paraguay),5675,Person,0
Protester_(Singapore),5676,Person,0
Protester_(Switzerland),5677,Person,0
Protester_(Thailand),5678,Person,0
Protester_(The_Hague),5679,Person,0
Protester_(Togo),5680,Person,0
Protester_(Turkey),5681,Person,0
Protester_(Ukraine),5682,Person,0
Protester_(United_Kingdom),5683,Person,0
Protester_(Vietnam),5684,Person,0
Protester_(Western_Sahara),5685,Person,0
Protester_(Yemen),5686,Person,0
Protester_(Zambia),5687,Person,0
Provincial_Officials_(China),5688,Business,5
Provincial_Officials_(Indonesia),5689,Business,5
Provincial_Officials_(Iraq),5690,Business,5
Provisional_Irish_Republican_Army,5691,Military,2
Public_Courts_(Cameroon),5692,Government,1
Public_Courts_(Canada),5693,Government,1
Public_Courts_(El_Salvador),5694,Government,1
Public_Courts_(Lebanon),5695,Government,1
Public_Courts_(Mauritania),5696,Government,1
Public_Courts_(Nigeria),5697,Government,1
Public_Courts_(Pakistan),5698,Government,1
Public_Courts_(Philippines),5699,Government,1
Public_Courts_(Sudan),5700,Government,1
Public_Courts_(Tanzania),5701,Government,1
Public_Courts_(Venezuela),5702,Government,1
Public_Health_Department,5703,Government,1
Public_Prosecutor_(Bangladesh),5704,Person,0
Public_Prosecutor_(Brazil),5705,Person,0
Public_Prosecutor_(Chile),5706,Person,0
Public_Prosecutor_(Colombia),5707,Person,0
Public_Prosecutor_(Croatia),5708,Person,0
Public_Prosecutor_(Greece),5709,Person,0
Public_Prosecutor_(Guinea),5710,Person,0
Public_Prosecutor_(Lithuania),5711,Person,0
Public_Prosecutor_(Morocco),5712,Person,0
Public_Prosecutor_(New_Zealand),5713,Person,0
Public_Prosecutor_(Peru),5714,Person,0
Public_Prosecutor_(Philippines),5715,Person,0
Public_Prosecutor_(Singapore),5716,Person,0
Public_Prosecutor_(Thailand),5717,Person,0
Public_Prosecutor_(Tunisia),5718,Person,0
Public_Prosecutor_(Turkey),5719,Person,0
Public_Sector_(Greece),5720,Person,0
Public_Sector_(India),5721,Person,0
Public_Sector_(Jordan),5722,Person,0
Public_Sector_(Kenya),5723,Person,0
Public_Sector_(Nigeria),5724,Person,0
Public_Sector_(Russia),5725,Person,0
Public_Sector_(Syria),5726,Person,0
Public_Service_Ministry/Department_(Bangladesh),5727,Government,1
Public_Service_Ministry/Department_(South_Africa),5728,Government,1
Public_Works_(Bangladesh),5729,Person,0
Public_Works_(India),5730,Person,0
Public_Works_(Kenya),5731,Person,0
Public_Works_(Tanzania),5732,Person,0
Pussy_Riot,5733,Person,0
Qadri_Jamil,5734,Person,0
Qassim_Atta,5735,Person,0
Qatar,5736,Location/Other,8
Qatar_Investment_Authority,5737,Government,1
Qi_Jianguo,5738,Person,0
Qin_Gang,5739,Person,0
Qotboddin_Helal,5740,Person,0
Quds_Force,5741,Military,2
Queen_Ranya,5742,Person,0
R.P._Singh,5743,Person,0
R.S._Naik,5744,Person,0
RIA_Novosti,5745,Media,7
RJR,5746,Location/Other,8
Rachid_Talbi_Alami,5747,Person,0
Rachmat_Gobel,5748,Person,0
Radical_Party_(France),5749,Political Party,3
Radical_Party_(Serbia),5750,Political Party,3
Radical_Party_(United_Kingdom),5751,Political Party,3
Radimir_Čačić,5752,Person,0
Radio_France_Internationale,5753,Person,0
Radio_Mitre,5754,Person,0
Radio_Ndeke_Luka,5755,Person,0
Radoslaw_Sikorski,5756,Person,0
Radovan_Krejcir,5757,Person,0
Rafael_Correa,5758,Person,0
Rafael_Ramírez,5759,Person,0
Rafiq_Hariri,5760,Person,0
Raghuram_Rajan,5761,Person,0
Raheel_Sharif,5762,Person,0
Raider_(Nigeria),5763,Person,0
Raider_(Pokot),5764,Person,0
Raider_(United_Kingdom),5765,Person,0
Raif_Badawi,5766,Person,0
Raj_Thackeray,5767,Person,0
Raja_Bhaiya,5768,Person,0
Raja_Zafarul_Haq,5769,Person,0
Rajeshwara_Rao,5770,Person,0
Rajinder_Singh,5771,Person,0
Rajiv_Shah,5772,Person,0
Rajya_Sabha,5773,Person,0
Ram_Chandra_Yadav,5774,Person,0
Ram_Gopal_Yadav,5775,Person,0
Ram_Kripal_Yadav,5776,Person,0
Ram_Paswan,5777,Person,0
Ramalinga_Reddy,5778,Person,0
Ramesh_Chennithala,5779,Person,0
Ramezan_Sharif,5780,Person,0
Ramon_Paje,5781,Person,0
Rana_Sanaullah,5782,Person,0
Rand_Paul,5783,Person,0
Randeep_Surjewala,5784,Person,0
Randgold_Resources,5785,Person,0
Randolph_Frederich_Rodrigues_Alves,5786,Person,0
Rangarajan,5787,Location/Other,8
Rapid_Action_Battalion,5788,Person,0
Rasa_Juknevičienė,5789,Person,0
Rashid_Derbas,5790,Person,0
Rashid_Gumarovich_Nurgaliyev,5791,Person,0
Rashid_Meredov,5792,Person,0
Rashid_Rehman,5793,Person,0
Rashid_Temrezov,5794,Person,0
Rashtrapati_Bhawan,5795,Person,0
Rashtriya_Janata_Dal,5796,Person,0
Rashtriya_Swayamsevak_Sangh,5797,Person,0
Rasim_Ljajic,5798,Person,0
Ratan_Tata,5799,Person,0
Rauf_Aregbesola,5800,Person,0
Raul_Hernandez,5801,Person,0
Raushan_Ershad,5802,Person,0
Ravi_Shankar_Prasad,5803,Person,0
Ravina_Shamdasani,5804,Person,0
Raymond_Araiji,5805,Person,0
Raymond_Tshibanda,5806,Person,0
Raúl_Castro,5807,Person,0
Raúl_Sendic,5808,Person,0
Rebecca_Harms,5809,Person,0
Rebel_Commander_(Ukraine),5810,Military,2
Rebel_Group_(Abu_Sayyaf),5811,Military,2
Rebel_Group_(Al_Qaeda),5812,Military,2
Rebel_Group_(Algeria),5813,Military,2
Rebel_Group_(Iraq),5814,Military,2
Rebel_Group_(Islamic_State_of_Iraq_and_the_Levant),5815,Military,2
Rebel_Group_(Israel),5816,Military,2
Rebel_Group_(Lebanon),5817,Military,2
Rebel_Group_(Myanmar),5818,Military,2
Rebel_Group_(Pakistan),5819,Military,2
Rebel_Group_(Paraguayan_People's_Army),5820,Military,2
Rebel_Group_(South_Africa),5821,Military,2
Rebel_Group_(Turkey),5822,Military,2
Rebel_Group_(Ukraine),5823,Military,2
Refat_Chubarov,5824,Person,0
Reform_Party_(Estonia),5825,Political Party,3
Reform_Party_(Kenya),5826,Political Party,3
Refugee_(Afghanistan),5827,Person,0
Refugee_(Bulgaria),5828,Person,0
Refugee_(Cameroon),5829,Person,0
Refugee_(Chad),5830,Person,0
Refugee_(Cote_d'Ivoire),5831,Person,0
Refugee_(Democratic_Republic_of_Congo),5832,Person,0
Refugee_(Ethiopia),5833,Person,0
Refugee_(India),5834,Person,0
Refugee_(Jordan),5835,Person,0
Refugee_(Namibia),5836,Person,0
Refugee_(Nauru),5837,Person,0
Refugee_(Philippines),5838,Person,0
Refugee_(South_Africa),5839,Person,0
Refugee_(Sri_Lanka),5840,Person,0
Refugee_(Tanzania),5841,Person,0
Refugee_(Uzbekistan),5842,Person,0
Refugee_(Vietnam),5843,Person,0
Regional_Governor_(Japan),5844,Person,0
Regional_Governor_(Mali),5845,Person,0
Regulator_(Bulgaria),5846,Person,0
Regulator_(Canada),5847,Person,0
Regulator_(Indonesia),5848,Person,0
Regulator_(Libya),5849,Person,0
Regulator_(Thailand),5850,Person,0
Rehman_Malik,5851,Person,0
Reinhold_Mitterlehner,5852,Person,0
Religion_(Brazil),5853,Person,0
Religion_(China),5854,Person,0
Religion_(France),5855,Person,0
Religion_(Germany),5856,Person,0
Religion_(Ghana),5857,Person,0
Religion_(India),5858,Person,0
Religion_(Israel),5859,Person,0
Religion_(Kyrgyzstan),5860,Person,0
Religion_(Mexico),5861,Person,0
Religion_(Namibia),5862,Person,0
Religion_(North_Korea),5863,Person,0
Religion_(Senegal),5864,Person,0
Religion_(Singapore),5865,Person,0
Religion_(South_Africa),5866,Person,0
Religion_(Switzerland),5867,Person,0
Religion_(Syria),5868,Person,0
Religion_(Ukraine),5869,Person,0
Religion_(Yemen),5870,Person,0
Renmin_University,5871,Education,6
Representative_to_the_United_Nations_(China),5872,Government,1
Representative_to_the_United_Nations_(Iran),5873,Government,1
Representative_to_the_United_Nations_(Namibia),5874,Government,1
Representative_to_the_United_Nations_(Russia),5875,Government,1
Representatives_(Afghanistan),5876,Government,1
Representatives_(Algeria),5877,Government,1
Representatives_(Bahrain),5878,Government,1
Representatives_(Belarus),5879,Government,1
Representatives_(Bulgaria),5880,Government,1
Representatives_(Cambodia),5881,Government,1
Representatives_(Congo),5882,Government,1
Representatives_(Estonia),5883,Government,1
Representatives_(Ethiopia),5884,Government,1
Representatives_(France),5885,Government,1
Representatives_(International),5886,Government,1
Representatives_(Iraq),5887,Government,1
Representatives_(Japan),5888,Government,1
Representatives_(Kyrgyzstan),5889,Government,1
Representatives_(Latin_America),5890,Government,1
Representatives_(Lebanon),5891,Government,1
Representatives_(Libya),5892,Government,1
Representatives_(Lithuania),5893,Government,1
Representatives_(Malawi),5894,Government,1
Representatives_(Malaysia),5895,Government,1
Representatives_(Nigeria),5896,Government,1
Representatives_(Non-Governmental_Organizations),5897,Government,1
Representatives_(North_Korea),5898,Government,1
Representatives_(Poland),5899,Government,1
Representatives_(Romania),5900,Government,1
Representatives_(Russia),5901,Government,1
Representatives_(Rwanda),5902,Government,1
Representatives_(Saudi_Arabia),5903,Government,1
Representatives_(Senegal),5904,Government,1
Representatives_(Slovakia),5905,Government,1
Representatives_(Sri_Lanka),5906,Government,1
Representatives_(Sudan),5907,Government,1
Representatives_(Switzerland),5908,Government,1
Representatives_(Syria),5909,Government,1
Representatives_(Tanzania),5910,Government,1
Representatives_(Togo),5911,Government,1
Representatives_(Turkey),5912,Government,1
Representatives_(United_States),5913,Government,1
Representatives_(Vietnam),5914,Government,1
Representatives_(Yemen),5915,Government,1
Republican_Force,5916,Military,2
Republican_Party_(Armenia),5917,Political Party,3
Republican_Party_(Kenya),5918,Political Party,3
Republican_Party_(Taiwan),5919,Political Party,3
Republican_People's_Party,5920,Political Party,3
Reserve_Bank_of_Malawi,5921,Business,5
Reserve_Personnel_(China),5922,Person,0
Reserve_Personnel_(Dominican_Republic),5923,Person,0
Reserve_Personnel_(Iran),5924,Person,0
Reserve_Personnel_(Japan),5925,Person,0
Reserve_Personnel_(Kyrgyzstan),5926,Person,0
Reserve_Personnel_(Philippines),5927,Person,0
Reserve_Personnel_(Qatar),5928,Person,0
Reserve_Personnel_(Russia),5929,Person,0
Reserve_Personnel_(South_Korea),5930,Person,0
Reserve_Personnel_(Spain),5931,Person,0
Reserve_Personnel_(Turkey),5932,Person,0
Reserve_Personnel_(Ukraine),5933,Person,0
Resham_Singh,5934,Person,0
Resistance_Group_(Hezbollah),5935,Organization,4
"Resistance_Leader_(Palestinian_Territory,_Occupied)",5936,Person,0
Resistance_Movement_(Hamas),5937,Person,0
Resistance_Movement_(South_Sudan),5938,Person,0
Resistance_Movement_(Sudan),5939,Person,0
Retired_(India),5940,Person,0
Retno_Marsudi,5941,Person,0
Reuben_Theodore_Sindac,5942,Person,0
Reuven_Rivlin,5943,Person,0
Revolutionary_Nationalist_Movement,5944,Political Party,3
Revolutionary_People's_Liberation_Party–Front,5945,Political Party,3
Revolutionary_People's_Party_of_Laos,5946,Political Party,3
Revolutionary_Socialist_Party,5947,Political Party,3
Reza_Najafi,5948,Person,0
Reza_Ostadi_Moghadam,5949,Person,0
Ri_Su_Yong,5950,Person,0
Riad_Salameh,5951,Person,0
Riaz_Ahmed,5952,Person,0
Ric_McIver,5953,Person,0
Ricardo_Alarcón_de_Quesada,5954,Person,0
Ricardo_Cabrisas,5955,Person,0
Ricardo_Colombi,5956,Person,0
Ricardo_Echegaray,5957,Person,0
Ricardo_Gonzalez,5958,Person,0
Richard_Cheney,5959,Person,0
Richard_Nixon,5960,Person,0
Richard_Norland,5961,Person,0
Richard_Ragan,5962,Person,0
Richard_Sezibera,5963,Person,0
Richard_Sulík,5964,Person,0
Riek_Machar,5965,Person,0
Rights_Activist_(Australia),5966,Person,0
Rights_Activist_(Bahrain),5967,Person,0
Rights_Activist_(Belarus),5968,Person,0
Rights_Activist_(China),5969,Person,0
Rights_Activist_(Egypt),5970,Person,0
Rights_Activist_(Hong_Kong),5971,Person,0
Rights_Activist_(Indonesia),5972,Person,0
Rights_Activist_(Iraq),5973,Person,0
Rights_Activist_(Kenya),5974,Person,0
Rights_Activist_(Malaysia),5975,Person,0
"Rights_Activist_(Palestinian_Territory,_Occupied)",5976,Person,0
Rights_Activist_(Simon_Wiesenthal_Center),5977,Person,0
Rights_Activist_(South_Africa),5978,Person,0
Rights_Activist_(Sudan),5979,Person,0
Rights_Activist_(United_Kingdom),5980,Person,0
Rights_Activist_(United_States),5981,Person,0
Rights_Activist_(Zambia),5982,Person,0
Rioter_(France),5983,Person,0
Rioter_(India),5984,Person,0
Rioter_(Malawi),5985,Person,0
Rioter_(Myanmar),5986,Person,0
Rioter_(Ukraine),5987,Person,0
Rioter_(Vietnam),5988,Person,0
Riyad_Mansour,5989,Person,0
Riyaz_Bhatkal,5990,Person,0
Rob_Wainwright,5991,Person,0
Robert_Cazanciuc,5992,Person,0
Robert_Hill,5993,Person,0
Robert_Hughes,5994,Person,0
Robert_Jones_Portman,5995,Person,0
Robert_Kocharyan,5996,Person,0
Robert_M._Gates,5997,Person,0
Robert_McClelland,5998,Person,0
Robert_McDonald,5999,Person,0
Robert_Menendez,6000,Person,0
Robert_Pickersgill,6001,Person,0
Robert_Walker,6002,Person,0
Roberta_Pinotti,6003,Person,0
Roberto_Amaral,6004,Person,0
Roberto_Azevedo,6005,Person,0
Roberto_Maroni,6006,Person,0
Roberto_Torres_Gonzales,6007,Person,0
Robin_Dhowan,6008,Person,0
Robin_L._Raphel,6009,Person,0
Rodrigo_Londono,6010,Person,0
Rodrigo_Londoño-Echeverry,6011,Person,0
Rogelio_Singson,6012,Person,0
Roger_B._Wilson,6013,Person,0
Roger_Lumbala,6014,Person,0
Roh_Moo_Hyun,6015,Person,0
Roman_Khudyakov,6016,Person,0
Romania,6017,Location/Other,8
Ron_Dermer,6018,Person,0
Ronald_Lauder,6019,Person,0
Ronald_Plasterk,6020,Person,0
Ronnie_Mamoepa,6021,Person,0
Rosa_Pacavira,6022,Person,0
Rosalinda_Baldoz,6023,Person,0
Rose_Gottemoeller,6024,Person,0
Roshen,6025,Location/Other,8
Rosoboronexport,6026,Location/Other,8
Rostam_Qasemi,6027,Person,0
Rostec,6028,Location/Other,8
Royal_Administration_(Argentina),6029,Government,1
Royal_Administration_(Australia),6030,Government,1
Royal_Administration_(Azerbaijan),6031,Government,1
Royal_Administration_(Bangladesh),6032,Government,1
Royal_Administration_(Brunei),6033,Government,1
Royal_Administration_(Cambodia),6034,Government,1
Royal_Administration_(Cook_Islands),6035,Government,1
Royal_Administration_(Cote_d'Ivoire),6036,Government,1
Royal_Administration_(Ecuador),6037,Government,1
Royal_Administration_(Egypt),6038,Government,1
Royal_Administration_(El_Salvador),6039,Government,1
Royal_Administration_(Germany),6040,Government,1
Royal_Administration_(Iran),6041,Government,1
Royal_Administration_(Iraq),6042,Government,1
Royal_Administration_(Japan),6043,Government,1
Royal_Administration_(Jordan),6044,Government,1
Royal_Administration_(Nepal),6045,Government,1
Royal_Administration_(New_Zealand),6046,Government,1
Royal_Administration_(Nigeria),6047,Government,1
Royal_Administration_(Pakistan),6048,Government,1
Royal_Administration_(Poland),6049,Government,1
Royal_Administration_(Portugal),6050,Government,1
Royal_Administration_(Romania),6051,Government,1
Royal_Administration_(Saudi_Arabia),6052,Government,1
Royal_Administration_(South_Africa),6053,Government,1
Royal_Administration_(Spain),6054,Government,1
Royal_Administration_(Tonga),6055,Government,1
Royal_Administration_(Tunisia),6056,Government,1
Royal_Administration_(Venezuela),6057,Government,1
Royal_Air_Force,6058,Military,2
Royal_Bank_of_Scotland,6059,Business,5
Royal_Court_(Bahrain),6060,Government,1
Royal_Dutch_Shell,6061,Person,0
Royal_Thai_Navy,6062,Military,2
Royal_Thai_Police,6063,Military,2
Ruben_Dario_Alzate,6064,Person,0
Rubén_Saavedra,6065,Person,0
Rudy_Giuliani,6066,Person,0
Ruhakana_Rugunda,6067,Person,0
Ruhul_Kabir_Rizvi,6068,Person,0
Ruling_Alliance_(India),6069,Person,0
Ruling_Coalition_(Cyprus),6070,Person,0
Ruling_Coalition_(Greece),6071,Person,0
Ruling_Coalition_(Kenya),6072,Person,0
Ruling_Coalition_(Latvia),6073,Media,7
Ruling_Coalition_(Moldova),6074,Person,0
Ruling_Coalition_(Pakistan),6075,Person,0
Ruling_Parties_(Bulgaria),6076,Person,0
Ruling_Parties_(Nepal),6077,Person,0
Ruling_Party_(Argentina),6078,Political Party,3
Ruling_Party_(Cambodia),6079,Political Party,3
Ruling_Party_(India),6080,Political Party,3
Ruling_Party_(Indonesia),6081,Political Party,3
Ruling_Party_(Namibia),6082,Political Party,3
Ruling_Party_(North_Korea),6083,Political Party,3
Ruling_Party_(Pakistan),6084,Political Party,3
Ruling_Party_(South_Korea),6085,Political Party,3
Ruling_Party_(Sri_Lanka),6086,Political Party,3
Ruling_Party_(Taiwan),6087,Political Party,3
Ruling_Party_(Tanzania),6088,Political Party,3
Ruling_Party_(Ukraine),6089,Political Party,3
Ruling_Party_(Zambia),6090,Political Party,3
Rupiah_Banda,6091,Person,0
Russ_Feingold,6092,Person,0
Russian_Navy,6093,Military,2
Russian_News_Channel_Vesti,6094,Media,7
Rustam_Azimov,6095,Person,0
Ruth_Davidson,6096,Person,0
Rwanda_National_Police,6097,Military,2
Ryoo_Kihl-jae,6098,Person,0
Ryutaro_Hashimoto,6099,Person,0
S.P._Singh,6100,Person,0
S.S._Sandhu,6101,Person,0
S._Jayakumar,6102,Person,0
Saad_Maan,6103,Person,0
Saada_Mkuya_Salum,6104,Person,0
Sabah_Khaled_Al-Hamad_Al-Sabah,6105,Person,0
Saber_Hossain_Chowdhury,6106,Person,0
Sadako_Ogata,6107,Person,0
Sadayuki_Sakakibara,6108,Person,0
Sadhu_(India),6109,Person,0
Sadiq_al-Mahdi,6110,Person,0
Saeed_Mortazavi,6111,Person,0
Sahrawi_people,6112,Person,0
Saimir_Tahiri,6113,Person,0
Saira_Afzal_Tarar,6114,Person,0
Sajjan_Kumar,6115,Person,0
Salah_al-Bardawil,6116,Person,0
Saleh_Muhammed_al-Mutlaq,6117,Person,0
Sali_Berisha,6118,Person,0
Salil_Shetty,6119,Person,0
Salim_Idris,6120,Person,0
Salman_Bin-Abd-al-Aziz,6121,Person,0
Salman_Khurshid,6122,Person,0
Salvador_Sánchez_Cerén,6123,Person,0
Salvatore_Girone,6124,Person,0
Salzburg,6125,Location/Other,8
Sam_Nda-Isaiah,6126,Person,0
Sambo_Dasuki,6127,Person,0
Sami_Hafez_Anan,6128,Person,0
Samiu_Kuita_Vaipulu,6129,Person,0
Sammy_Al-Mansoor,6130,Person,0
Samrat_Choudhary,6131,Person,0
Samsung,6132,Business,5
Samuel_Doria_Medina,6133,Person,0
Samuel_J._Locklear,6134,Person,0
Samuel_Ruiz,6135,Person,0
Samuel_Sarr,6136,Person,0
Samuel_Sitta,6137,Person,0
Samura_Kamara,6138,Person,0
Sanae_Takaichi,6139,Person,0
Sani_Abacha,6140,Person,0
Sanjay_Dutt,6141,Person,0
Sanjeev_Kumar,6142,Person,0
Sankei,6143,Location/Other,8
Santhal_Tribe,6144,Person,0
Santos_Edelmar_Lopez,6145,Person,0
Saqr_Saqr,6146,Person,0
Sar_Kheng,6147,Person,0
Sarah_Hanson-Young,6148,Person,0
Sarah_Jubril,6149,Person,0
Sarath_Fonseka,6150,Person,0
Sarfaraz_Bugti,6151,Person,0
Sasa_Radulovic,6152,Person,0
Sato_Kilman,6153,Person,0
Satpal_Maharaj,6154,Person,0
Saud_bin_Faisal_bin_Abdul-Aziz,6155,Person,0
Sauli_Niinistö,6156,Person,0
Sawarmi_Khaled_Saad,6157,Person,0
Sayed_Abdullo_Nuri,6158,Person,0
Sayed_Fazlollah_Wahidi,6159,Person,0
Sayed_Khaiyum,6160,Person,0
Scholar_(Bahrain),6161,Person,0
Scholar_(Colombia),6162,Person,0
Scholar_(Egypt),6163,Person,0
Scholar_(Gambia),6164,Person,0
Scholar_(Iraq),6165,Person,0
Scholar_(Japan),6166,Person,0
Scholar_(Jordan),6167,Person,0
Scholar_(Nigeria),6168,Person,0
Scholar_(Pakistan),6169,Person,0
Scholar_(Russia),6170,Person,0
Scholar_(Singapore),6171,Person,0
Scholar_(Somalia),6172,Person,0
Scholar_(Sudan),6173,Person,0
Scholar_(United_Arab_Emirates),6174,Person,0
Scholar_(United_States),6175,Person,0
Scholar_(Yemen),6176,Person,0
Scholar_(Zimbabwe),6177,Person,0
Scientist_(Chile),6178,Person,0
Scientist_(China),6179,Person,0
Scientist_(Colombia),6180,Person,0
Scientist_(Czech_Republic),6181,Person,0
Scientist_(Egypt),6182,Person,0
Scientist_(France),6183,Person,0
Scientist_(Kenya),6184,Person,0
Scientist_(Latvia),6185,Media,7
Scientist_(Malawi),6186,Person,0
Scientist_(New_Zealand),6187,Person,0
Scientist_(Nigeria),6188,Person,0
Scientist_(Russia),6189,Person,0
Scientist_(Saudi_Arabia),6190,Person,0
Scientist_(Tajikistan),6191,Person,0
Scientist_(Uganda),6192,Person,0
Scientist_(United_Kingdom),6193,Person,0
Scientist_(Venezuela),6194,Person,0
Scotland_Yard,6195,Person,0
Scott_Emerson,6196,Person,0
Scott_Walker,6197,Person,0
Seamen_(South_Korea),6198,Person,0
Sean_Edwards,6199,Person,0
Sebastian_Kurz,6200,Person,0
Sebastian_Ndeitunga,6201,Person,0
Secret_Agent_(Afghanistan),6202,Person,0
Secret_Agent_(Iran),6203,Person,0
Secret_Agent_(Ireland),6204,Person,0
Secret_Agent_(North_Korea),6205,Person,0
Secret_Agent_(Pakistan),6206,Person,0
"Secret_Agent_(Palestinian_Territory,_Occupied)",6207,Person,0
Secret_Agent_(Philippines),6208,Person,0
Secret_Agent_(Russia),6209,Person,0
Secret_Agent_(South_Korea),6210,Person,0
Secret_Agent_(Turkey),6211,Person,0
Secret_Agent_(United_States),6212,Person,0
Secretariat_(All_Progressives_Congress),6213,Person,0
Secretariat_(Argentina),6214,Person,0
Secretariat_(Egypt),6215,Person,0
Secretariat_(Kazakhstan),6216,Person,0
Secretariat_(Lok_Sabha),6217,Person,0
Secretariat_(Mexico),6218,Person,0
Secretariat_(Nigeria),6219,Person,0
Secretariat_(Nigeria_Labour_Congress),6220,Person,0
Secretariat_(PDP-ANA),6221,Person,0
Secretariat_(Panama),6222,Person,0
Secretariat_(Panama_Canal_Authority),6223,Government,1
Secretariat_(Shanghai_Cooperation_Organization),6224,Organization,4
Secretariat_(South_Africa),6225,Person,0
Secretariat_(South_Asian_Association_for_Regional_Cooperation),6226,Organization,4
Secretariat_(Tanzania),6227,Person,0
Secretariat_(Thailand),6228,Person,0
Secretariat_(Vietnam),6229,Person,0
Secretariat_(Yemen),6230,Person,0
Secretariat_for_the_Prevention_of_Drug_Abuse_and_Drug_Trafficking,6231,Person,0
Secretariat_of_Foreign_Affairs,6232,Person,0
Secretary_of_State_for_International_Development,6233,Person,0
Secretary_of_State_for_the_Home_Department,6234,Government,1
Security_Council_(Costa_Rica),6235,Government,1
Security_Council_(Iraq),6236,Government,1
Security_Council_(Russia),6237,Government,1
Security_Council_of_the_Russian_Federation,6238,Organization,4
Security_Service_of_Ukraine,6239,Person,0
Segolene_Royal,6240,Person,0
Sekai_Holland,6241,Person,0
Selby_Alan_Masibonge_Baqwa,6242,Person,0
Semana,6243,Location/Other,8
Semen_Semenchenko,6244,Person,0
Senate_(Argentina),6245,Government,1
Senate_(Belarus),6246,Government,1
Senate_(Brazil),6247,Government,1
Senate_(Cameroon),6248,Government,1
Senate_(Colombia),6249,Government,1
Senate_(Congo),6250,Government,1
Senate_(Dominican_Republic),6251,Government,1
Senate_(Egypt),6252,Government,1
Senate_(Ireland),6253,Government,1
Senate_(Italy),6254,Government,1
Senate_(Mauritania),6255,Government,1
Senate_(Myanmar),6256,Government,1
Senate_(North_Korea),6257,Government,1
Senate_(Paraguay),6258,Government,1
Senate_(Poland),6259,Government,1
Senate_(Romania),6260,Government,1
Senate_(Slovakia),6261,Government,1
Senate_(South_Sudan),6262,Government,1
Senate_(Spain),6263,Government,1
Senate_(Swaziland),6264,Government,1
Senate_(Switzerland),6265,Government,1
Senate_(Uganda),6266,Government,1
Senate_(Ukraine),6267,Government,1
Senate_(United_Kingdom),6268,Government,1
Senate_Armed_Services_Committee,6269,Organization,4
Senate_of_Burundi,6270,Government,1
Seoul_High_Court,6271,Government,1
Separatist_(Armenia),6272,Person,0
Separatist_(Georgia),6273,Person,0
Separatist_(India),6274,Person,0
Separatist_(Thailand),6275,Person,0
Separatist_(Yemen),6276,Person,0
Separatist_Leader_(Crimea),6277,Person,0
Separatist_Leader_(India),6278,Person,0
Separatist_Leader_(Russia),6279,Person,0
Separatist_Leader_(Thailand),6280,Person,0
Separatist_Militant_(China),6281,Person,0
Separatist_Militant_(Turkey),6282,Person,0
Separatist_Militant_(Xinjiang Uyghur),6283,Person,0
Serbia,6284,Location/Other,8
Serbian_Army,6285,Military,2
Serge_Lazarevic,6286,Person,0
Sergei_Anatolievich_Storchak,6287,Person,0
Sergei_Donskoi,6288,Person,0
Sergei_Karakayev,6289,Person,0
Sergei_Kupriyanov,6290,Person,0
Sergey_Kuzhugetovich_Shoygu,6291,Person,0
Sergey_Melikov,6292,Person,0
Sergey_Viktorovich_Lavrov,6293,Person,0
Sergey_Zheleznyak,6294,Person,0
Sergio_Jaramillo,6295,Person,0
Sergio_Massa,6296,Person,0
Serhiy_Hayduk,6297,Person,0
Serigne_Mbaye_Thiam,6298,Person,0
Serik_Akhmetov,6299,Person,0
Settlement_Chikwinya,6300,Person,0
Settler_(Ethiopia),6301,Person,0
Settler_(Israel),6302,Person,0
Settler_(Malaysia),6303,Person,0
Settler_(Philippines),6304,Person,0
Sex_Trade_(Brazil),6305,Person,0
Sex_Trade_(China),6306,Person,0
Sex_Trade_(Philippines),6307,Person,0
Sex_Trade_(United_Kingdom),6308,Person,0
Seyoum_Mesfin,6309,Person,0
Seyran_Ohanyan,6310,Person,0
Sezgin_Tanrıkulu,6311,Person,0
Shabelle_Media_Network,6312,Media,7
Shah_Mehmood_Qureshi,6313,Person,0
Shahid_Khan,6314,Person,0
Shahin_Mustafayev,6315,Person,0
Shaikh_Ibrahim__Al_Khalifa,6316,Person,0
Shakib_Qortbawi,6317,Person,0
Shalva_Natelashvili,6318,Person,0
Shamshad_Akhtar,6319,Person,0
Shantaram_Naik,6320,Person,0
Sharad_Pawar,6321,Person,0
Sharad_Yadav,6322,Person,0
Sharia_Court_(Indonesia),6323,Government,1
Shas,6324,Location/Other,8
Shaukat_Aziz,6325,Person,0
Sheikh_Abdiaziz_abu_Mus'ab,6326,Person,0
Sheikh_Ahmed_Abdullah,6327,Person,0
Sheikh_Ali_Salman,6328,Person,0
Sheikh_Hamad_bin_Isa_al_Khalifah,6329,Person,0
Sheikh_Hamad_bin_Khalifa_al-Thani,6330,Person,0
Sheikh_Hamid,6331,Person,0
Sheikh_Hasina_Wajed,6332,Person,0
Sheikh_Khaled_Al_Jarrah_Al_Sabah,6333,Person,0
Sheikh_Khalifa_bin_Ahmad_Al-Khalifa,6334,Person,0
Sheikh_Salem_Sabah_Al-Salem_Al-Sabah,6335,Person,0
Sheldon_Adelson,6336,Person,0
Shen_Jong-chin,6337,Person,0
Shen_Lyushun,6338,Person,0
Sherrod_Brown,6339,Person,0
Sherry_Rehman,6340,Person,0
Shibu_Soren,6341,Person,0
Shigefumi_Matsuzawa,6342,Person,0
Shigeru_Ishiba,6343,Person,0
Shimon_Peres,6344,Person,0
Shining_Path,6345,Person,0
Shinsuke_Sugiyama,6346,Person,0
Shirin_Ebadi,6347,Person,0
Shiv_Sena,6348,Person,0
Shivraj_Patil,6349,Person,0
Shivraj_Singh_Chouhan,6350,Person,0
Shivshankar_Menon,6351,Person,0
Shkelqim_Cani,6352,Person,0
Shozaburo_Nakamura,6353,Person,0
Shrien_Dewani,6354,Person,0
Shura_Council,6355,Organization,4
Sid_Ahmed_Ghozali,6356,Person,0
Sidi_Ould_Cheikh_Abdallahi,6357,Person,0
Sidiki_Kaba,6358,Person,0
Sidwaya,6359,Location/Other,8
Sierra_Leone,6360,Person,0
Sigfrido_Pared_Pérez,6361,Person,0
Sikh_(India),6362,Person,0
Sikh_Militant,6363,Person,0
Silvio_Berlusconi,6364,Person,0
Simbarashe_Mumbengegwi,6365,Person,0
Simon_Gass,6366,Person,0
Simon_Khaya_Moyo,6367,Person,0
Simon_Ostrovsky,6368,Person,0
Simonetta_Sommaruga,6369,Person,0
Simos_Kedikoglou,6370,Person,0
Sinaloa_Cartel,6371,Military,2
Sindh_High_Court,6372,Government,1
Sir_David_Akers-Jones,6373,Person,0
Sir_David_Richards,6374,Person,0
Sir_George_Young,6375,Person,0
Sirichan_Ngathong,6376,Person,0
Slavko_Linic,6377,Person,0
Slovene_Christian_Democrats,6378,Person,0
Slovenia,6379,Location/Other,8
Slovenian_Army,6380,Military,2
Smriti_Irani,6381,Person,0
Social_Democratic_Party_(Denmark),6382,Political Party,3
Social_Democratic_Party_(Estonia),6383,Political Party,3
Social_Democratic_Party_(Lithuania),6384,Political Party,3
Social_Democratic_Union,6385,Political Party,3
Social_Renewal_Party,6386,Political Party,3
Social_Worker_(India),6387,Person,0
Social_Worker_(Nigeria),6388,Person,0
Social_Worker_(Saudi_Arabia),6389,Person,0
Socialist_Democratic_Party,6390,Political Party,3
Socialist_Party_(Bosnia_and_Herzegovina),6391,Political Party,3
Socialist_Party_(Hungary),6392,Political Party,3
Society_of_Colombian_Agricultural_Producers,6393,Person,0
Socrates_Villegas,6394,Person,0
Solidaridad,6395,Location/Other,8
Solidarity,6396,Location/Other,8
Solomon_Arase,6397,Person,0
Solomon_Makgale,6398,Person,0
Solomon_Passy,6399,Person,0
Solomon_Public_Employees_Union,6400,Political Party,3
Somali_National_Army,6401,Military,2
Somen_Mitra,6402,Person,0
Somsavat_Lengsava,6403,Person,0
Sondhi_Limthongkul,6404,Person,0
Song_Kwang-ho,6405,Person,0
Soumeylou_Boubèye_Maiga,6406,Person,0
South_Africa,6407,Person,0
South_African_Chamber_of_Commerce_and_Industry,6408,Person,0
South_African_National_Defence_Force,6409,Military,2
South_Korea,6410,Person,0
South_Sudan,6411,Person,0
South_West_Africa_People's_Organization,6412,Organization,4
Southwest_Airlines,6413,Business,5
Sovan_Chatterjee,6414,Person,0
Space_Agency_(China),6415,Person,0
Space_Agency_(Iran),6416,Person,0
Spanish_Armed_Forces,6417,Military,2
Spanish_Socialist_Workers'_Party,6418,Political Party,3
Special_Commission_(Mexico),6419,Government,1
Special_Court_(Afghanistan),6420,Government,1
Special_Court_(Lebanon),6421,Government,1
Special_Court_(Pakistan),6422,Government,1
Special_Court_(Sudan),6423,Government,1
Special_Court_(Turkey),6424,Government,1
Special_Court_for_Sierra_Leone,6425,Government,1
Special_Rapporteurs_of_the_United_Nations,6426,Person,0
Spy_Plane_(Iran),6427,Person,0
Spy_Plane_(United_States),6428,Person,0
Sri_Lanka_United_National_Party,6429,Political Party,3
Staffan_de_Mistura,6430,Person,0
Stanislav_Yuryevich_Markelov,6431,Person,0
State_Duma_(Azerbaijan),6432,Person,0
State_Duma_(Ukraine),6433,Person,0
State_Media_(Algeria),6434,Media,7
State_Media_(China),6435,Media,7
State_Media_(Egypt),6436,Media,7
State_Media_(Lebanon),6437,Media,7
State_Media_(Poland),6438,Media,7
State_Media_(Tunisia),6439,Media,7
State_Media_(Zambia),6440,Media,7
State_Oil_Company_of_Azerbaijan_Republic,6441,Business,5
State_Security_Court_(Jordan),6442,Government,1
State_Security_Court_(United_Arab_Emirates),6443,Government,1
State_Security_Investigations_Service,6444,Person,0
State_Security_Service,6445,Person,0
Stavros_Lambrinidis,6446,Person,0
Stefan_Harabin,6447,Person,0
Stefan_Viktor_Okonek,6448,Person,0
Steffen_Seibert,6449,Person,0
Stephane_Le_Foll,6450,Person,0
Stephen_Davis,6451,Person,0
Stephen_Hadley,6452,Person,0
Stephen_Masato_Wasira,6453,Person,0
Stephen_Rapp,6454,Person,0
Stephen_Williams,6455,Person,0
Steve_Pearce,6456,Person,0
Steve_Vukhile_Tshwete,6457,Person,0
Steven_Chu,6458,Person,0
Steven_Marshall,6459,Person,0
Strabag,6460,Location/Other,8
Straits_Exchange_Foundation,6461,Organization,4
Stuart_A._Levey,6462,Person,0
Student_(Africa),6463,Person,0
Student_(Argentina),6464,Person,0
Student_(Bahrain),6465,Person,0
Student_(Bangladesh),6466,Person,0
Student_(Belgium),6467,Person,0
Student_(Bulgaria),6468,Person,0
Student_(Burkina_Faso),6469,Person,0
Student_(Congo),6470,Person,0
Student_(Cote_d'Ivoire),6471,Person,0
Student_(Ecuador),6472,Person,0
Student_(Eritrea),6473,Person,0
Student_(France),6474,Person,0
Student_(Gambia),6475,Person,0
Student_(Hong_Kong),6476,Person,0
Student_(Iran),6477,Person,0
Student_(Iraq),6478,Person,0
Student_(Kenya),6479,Person,0
Student_(Kosovo),6480,Person,0
Student_(Kuwait),6481,Person,0
Student_(Laos),6482,Person,0
Student_(Lebanon),6483,Person,0
Student_(Liberia),6484,Person,0
Student_(Mexico),6485,Person,0
Student_(Myanmar),6486,Person,0
Student_(New_Zealand),6487,Person,0
"Student_(Palestinian_Territory,_Occupied)",6488,Person,0
Student_(Qatar),6489,Person,0
Student_(Senegal),6490,Person,0
Student_(South_Korea),6491,Person,0
Student_(Spain),6492,Person,0
Student_(Sudan),6493,Person,0
Student_(Tanzania),6494,Person,0
Student_(Thailand),6495,Person,0
Student_(Venezuela),6496,Person,0
Student_(Yemen),6497,Person,0
Student_(Zambia),6498,Person,0
Student_Dissident_(Australia),6499,Person,0
Student_Dissident_(Hong_Kong),6500,Person,0
Student_Dissident_(Taiwan),6501,Person,0
Student_Islamic_Movement_of_India,6502,Political Party,3
Subaru,6503,Location/Other,8
Sudan,6504,Location/Other,8
Sudan_News_Agency,6505,Media,7
Sudan_People's_Liberation_Army,6506,Military,2
Sue-Ellen_Kovack,6507,Person,0
Sujatha_Singh,6508,Person,0
Sukhbir_Badal,6509,Person,0
Sukhumbhand_Paribatra,6510,Person,0
Sule_Lamido,6511,Person,0
Suleiman_Abba,6512,Person,0
Suleiman_Franjieh,6513,Person,0
Sultan_Ahmed_bin_Sulayem,6514,Person,0
Sultan_bin_Saeed_Al_Mansouri,6515,Person,0
Sumitomo_Mitsui,6516,Person,0
Sumitra_Mahajan,6517,Person,0
Sun_Yuxi,6518,Person,0
Sunday_Times,6519,Person,0
Sunil_Kumar,6520,Person,0
Supreme_Administrative_Court_of_Lithuania,6521,Government,1
Supreme_Constitutional_Court,6522,Government,1
Supreme_Council_(Bahrain),6523,Government,1
Supreme_Council_(Iraq),6524,Government,1
Supreme_Council_(Kenya),6525,Government,1
Supreme_Council_(Qatar),6526,Government,1
Supreme_Council_(South_Korea),6527,Government,1
Supreme_Council_for_Women,6528,Organization,4
Supreme_Court_of_Judicature,6529,Government,1
Supreme_Court_of_Nigeria,6530,Government,1
Supreme_Electoral_Court,6531,Government,1
Surakiart_Sathirathai,6532,Person,0
Surasak_Kanchanarat,6533,Person,0
Susan_Fennell,6534,Person,0
Susana_Martinez,6535,Person,0
Susana_Villaran,6536,Person,0
Sushil_Koirala,6537,Person,0
Susi_Pudjiastuti,6538,Person,0
Svoboda,6539,Location/Other,8
Swaziland,6540,Location/Other,8
Syed_Ahmed,6541,Person,0
Syed_Akbaruddin,6542,Person,0
Syed_Ali_Shah_Geelani,6543,Person,0
Syed_Ashraful_Islam,6544,Person,0
Sylvain_Gaudreault,6545,Person,0
Sylvia_Masebo,6546,Person,0
Syrian_Islamic_Front,6547,Political Party,3
Sáliba,6548,Location/Other,8
Sérgio_Vieira_de_Mello,6549,Person,0
Süleyman_Demirel,6550,Person,0
TDC,6551,Location/Other,8
Taavi_Rõivas,6552,Person,0
Tablig_Jamaat,6553,Person,0
Tadesse_Kassa,6554,Person,0
Tagammu,6555,Location/Other,8
Tahirul_Qadri,6556,Person,0
Taiwan_Affairs_Office,6557,Person,0
Taiwo_Olatubosun,6558,Person,0
Tajikistan,6559,Location/Other,8
Takata,6560,Location/Other,8
Takeshi_Onaga,6561,Person,0
Tamar_Beruchashvili,6562,Person,0
Tamerlan_Tsarnaev,6563,Person,0
Tamil_(Sri_Lanka),6564,Person,0
Tamil_National_Alliance,6565,Person,0
Tan_Sri_Muhyiddin_Yassin,6566,Person,0
Tanya_Plibersek,6567,Person,0
Tanzania,6568,Location/Other,8
Tanzania_Investment_Bank,6569,Business,5
Tanzania_Investment_Centre,6570,Person,0
Tarcisio_Bertone,6571,Person,0
Tarun_Gogoi,6572,Person,0
Tata_Group,6573,Organization,4
Tatarstan,6574,Location/Other,8
Tatjana_Zdanoka,6575,Person,0
Taufa'ahau_Tupou_IV,6576,Person,0
Taukelina_Finikaso,6577,Person,0
Tawhid_Brigade,6578,Person,0
Tea_Banh,6579,Person,0
Tea_Tsulukiani,6580,Person,0
Ted_Poe,6581,Person,0
Tedjo_Edhy_Purdijatno,6582,Person,0
Teesta_Setalvad,6583,Person,0
Tehran_Times,6584,Person,0
Tehrik-i-Taliban_Pakistan,6585,Person,0
Tehseen_Akhtar,6586,Person,0
Telesur,6587,Location/Other,8
Tenants_(Australia),6588,Person,0
Tenants_(France),6589,Person,0
Tenants_(Jordan),6590,Person,0
Tenants_(Kenya),6591,Person,0
Teo_Chee_Hean,6592,Person,0
Teodoro_Nguema_Obiang_Mangue,6593,Person,0
Teodoro_Obiang_Nguema_Mbasogo,6594,Person,0
Terrorist_(Abu_Sayyaf),6595,Person,0
Terrorist_(Algeria),6596,Person,0
Terrorist_(Boko_Haram),6597,Person,0
Terrorist_(Germany),6598,Person,0
Terrorist_(Hamas),6599,Person,0
Terrorist_(Indonesia),6600,Person,0
Terrorist_(International),6601,Person,0
Terrorist_(Iraq),6602,Person,0
Terrorist_(Islamic_State_of_Iraq_and_the_Levant),6603,Person,0
Terrorist_(Jabhat_al-Nusra),6604,Person,0
Terrorist_(Lashkar-e-Taiba),6605,Person,0
Terrorist_(Maldives),6606,Person,0
Terrorist_(Nigeria),6607,Person,0
Terrorist_(Syria),6608,Person,0
Terrorist_(Taliban),6609,Person,0
Terrorist_(Tunisia),6610,Person,0
Terrorist_(Turkey),6611,Person,0
Terrorist_(United_Kingdom),6612,Person,0
Terrorist_(Xinjiang Uyghur),6613,Person,0
Terrorist_(Yemen),6614,Person,0
Terrorist_Insurgent_Group_(Al-Shabaab),6615,Military,2
Terrorist_Leader_(Al_Qaeda),6616,Person,0
Terrorist_Leader_(Boko_Haram),6617,Person,0
Terrorist_Leader_(Islamic_State_of_Iraq_and_the_Levant),6618,Person,0
Terrorist_Leader_(Kenya),6619,Person,0
Terrorist_Leader_(Libya),6620,Person,0
Terrorist_Leader_(Pakistan),6621,Person,0
"Terrorist_Leader_(Palestinian_Territory,_Occupied)",6622,Person,0
Terrorist_Leader_(Russia),6623,Person,0
Terrorist_Leader_(Syria),6624,Person,0
Terrorist_Leader_(UN_Security_Council),6625,Organization,4
Terrorist_Organization_(Colombia),6626,Organization,4
Terrorist_Organization_(Egypt),6627,Organization,4
Terrorist_Organization_(Hamas),6628,Organization,4
Terrorist_Organization_(Iraq),6629,Organization,4
"Terrorist_Organization_(Palestinian_Territory,_Occupied)",6630,Organization,4
Terrorist_Organization_(Syria),6631,Organization,4
Terry_McAuliffe,6632,Person,0
Tesco,6633,Location/Other,8
Teshome_Togo,6634,Person,0
Thailand,6635,Location/Other,8
Thaksin_Shinawatra,6636,Person,0
Tharit_Pengdit,6637,Person,0
Tharman_Shanmugaratnam,6638,Person,0
The_Cape_Times,6639,Person,0
The_Chronicle,6640,Person,0
The_Daily_Mirror,6641,Person,0
The_Daily_News_(South_Africa),6642,Media,7
The_Daily_Telegraph,6643,Person,0
The_Hague,6644,Person,0
The_Irrawaddy,6645,Person,0
The_Poor_(Argentina),6646,Person,0
The_Poor_(China),6647,Person,0
The_Poor_(Kenya),6648,Person,0
The_Poor_(Nigeria),6649,Person,0
The_Poor_(Philippines),6650,Person,0
The_Poor_(Romania),6651,Person,0
The_Royal_Bank_of_Scotland_Group,6652,Organization,4
The_Standard,6653,Person,0
The_Sunday_Independent,6654,Person,0
The_Sunday_Times,6655,Person,0
The_Voice_(Russia),6656,Person,0
The_Voice_(Thailand),6657,Person,0
The_Voice_(Uganda),6658,Person,0
Thembelani_Waltermade_Nxesi,6659,Person,0
Theo-Ben_Gurirab,6660,Person,0
Theresa_May,6661,Person,0
Theuns_Botha,6662,Person,0
Thief_(Austria),6663,Person,0
Thief_(Hungary),6664,Person,0
Thief_(India),6665,Person,0
Thief_(Iraq),6666,Person,0
Thief_(New_Zealand),6667,Person,0
Thief_(Pakistan),6668,Person,0
Thief_(Philippines),6669,Person,0
Thief_(Poland),6670,Person,0
Thief_(Swaziland),6671,Person,0
Thief_(Thailand),6672,Person,0
Thief_(Tonga),6673,Person,0
Thief_(Turkey),6674,Person,0
Thief_(United_Arab_Emirates),6675,Person,0
Thief_(United_States),6676,Person,0
Thief_(Zimbabwe),6677,Person,0
Thomas_Dandois,6678,Person,0
Thongsing_Thammavong,6679,Person,0
Tien_Chiu_Chin,6680,Person,0
Tijuana_Cartel,6681,Person,0
Tim_Cook,6682,Person,0
Tim_Hudak,6683,Person,0
Tim_Kaine,6684,Person,0
Tim_Nicholls,6685,Person,0
Tim_Scott,6686,Person,0
Timor-Leste,6687,Location/Other,8
Tjahjo_Kumolo,6688,Person,0
Toba,6689,Location/Other,8
Togo,6690,Location/Other,8
Tokon_Mamytov,6691,Person,0
Tolbert_Nyenswah,6692,Person,0
Tom_Fletcher,6693,Person,0
Tom_Frieden,6694,Person,0
Tom_Motsoahae_Thabane,6695,Person,0
Tomislav_Nikolić,6696,Person,0
Tomás_Malatinský,6697,Person,0
Tonga,6698,Location/Other,8
Tony_Blair,6699,Person,0
Tony_Ehrenreich,6700,Person,0
Tony_Momoh,6701,Person,0
Tony_O'Reilly,6702,Person,0
Tony_Sithembiso_Yengeni,6703,Person,0
Tony_Tan_Keng_Yam,6704,Person,0
Toomas_Hendrik_Ilves,6705,Person,0
Toru_Hashimoto,6706,Person,0
Tourist_(Argentina),6707,Person,0
Tourist_(Belgium),6708,Person,0
Tourist_(Colombia),6709,Person,0
Tourist_(Indonesia),6710,Person,0
Tourist_(Iran),6711,Person,0
Tourist_(South_Korea),6712,Person,0
Tourist_(United_Arab_Emirates),6713,Person,0
Tourist_(United_Kingdom),6714,Person,0
Tourist_(United_States),6715,Person,0
Tourist_Board_(Kenya),6716,Person,0
Trade_Official_(Iran),6717,Person,0
Trade_Official_(South_Korea),6718,Person,0
Trade_Union_Congress,6719,Political Party,3
Transparency_International,6720,Person,0
Transport_(Australia),6721,Person,0
Transport_(Canada),6722,Person,0
Transport_(China),6723,Person,0
Transport_(Jordan),6724,Person,0
Transport_(Sicily),6725,Person,0
Transport_(South_Korea),6726,Person,0
Transport_(Spain),6727,Person,0
Transport_(United_Arab_Emirates),6728,Person,0
Transport_Canada,6729,Person,0
Transportation_Ministry/Department_(Singapore),6730,Government,1
Treasury/Finance_Ministry_(Armenia),6731,Government,1
Treasury/Finance_Ministry_(Azerbaijan),6732,Government,1
Treasury/Finance_Ministry_(Bangladesh),6733,Government,1
Treasury/Finance_Ministry_(Brunei),6734,Government,1
Treasury/Finance_Ministry_(Czech_Republic),6735,Government,1
Treasury/Finance_Ministry_(Egypt),6736,Government,1
Treasury/Finance_Ministry_(Eritrea),6737,Government,1
Treasury/Finance_Ministry_(Germany),6738,Government,1
Treasury/Finance_Ministry_(Greece),6739,Government,1
Treasury/Finance_Ministry_(Israel),6740,Government,1
Treasury/Finance_Ministry_(Italy),6741,Government,1
Treasury/Finance_Ministry_(Japan),6742,Government,1
Treasury/Finance_Ministry_(Kyrgyzstan),6743,Government,1
Treasury/Finance_Ministry_(Lebanon),6744,Government,1
Treasury/Finance_Ministry_(Liberia),6745,Government,1
Treasury/Finance_Ministry_(Madagascar),6746,Government,1
Treasury/Finance_Ministry_(Mauritius),6747,Government,1
Treasury/Finance_Ministry_(Namibia),6748,Government,1
Treasury/Finance_Ministry_(Nigeria),6749,Government,1
Treasury/Finance_Ministry_(North_Korea),6750,Government,1
Treasury/Finance_Ministry_(Peru),6751,Government,1
Treasury/Finance_Ministry_(Qatar),6752,Government,1
Treasury/Finance_Ministry_(Saudi_Arabia),6753,Government,1
Treasury/Finance_Ministry_(Somalia),6754,Government,1
Treasury/Finance_Ministry_(South_Sudan),6755,Government,1
Treasury/Finance_Ministry_(Sudan),6756,Government,1
Treasury/Finance_Ministry_(Syria),6757,Government,1
Treasury/Finance_Ministry_(Tajikistan),6758,Government,1
Treasury/Finance_Ministry_(Tanzania),6759,Government,1
Treasury/Finance_Ministry_(Thailand),6760,Government,1
Treasury/Finance_Ministry_(United_Arab_Emirates),6761,Government,1
Tribal_Rebel_(India),6762,Military,2
Trinidad_and_Tobago,6763,Person,0
Trondheim,6764,Location/Other,8
Troy_Buswell,6765,Person,0
Trust_Bank,6766,Business,5
Tsai_Ing-wen,6767,Person,0
Tsakhiagiyn_Elbegdorj,6768,Person,0
Tsvetlin_Yovchev,6769,Person,0
Tulsi_Gabbard,6770,Person,0
Tunde_Bakare,6771,Person,0
Tupou_VI,6772,Person,0
Turkish_Airlines,6773,Business,5
Turkish_Coast_Guard,6774,Person,0
Tuvalu,6775,Location/Other,8
Tyler_Technologies,6776,Person,0
Tyrant_(Lebanon),6777,Person,0
Tzipi_Livni,6778,Person,0
U.S._Army_Europe,6779,Military,2
U.S._Army_Pacific,6780,Military,2
U.S._Pacific_Air_Force,6781,Military,2
U.S._Special_Operations_Command_Central,6782,Person,0
UAE_Armed_Forces,6783,Military,2
UBS,6784,Location/Other,8
UN_Security_Council,6785,Organization,4
USAID,6786,Location/Other,8
USS_Kidd,6787,Person,0
USS_Pinckney,6788,Business,5
Uahekua_Herunga,6789,Person,0
Udaya_Gammanpila,6790,Person,0
Udjani,6791,Location/Other,8
Uganda_People's_Defence_Force,6792,Military,2
Uganda_Police_Force,6793,Military,2
Uhuru,6794,Location/Other,8
Uhuru_Muigai_Kenyatta,6795,Person,0
Uighur_(China),6796,Person,0
Uighur_(Malaysia),6797,Person,0
Ukrainian_National_Guard,6798,Person,0
Ukranian_Truth,6799,Person,0
Ukrinform,6800,Location/Other,8
Uladi_Mussa,6801,Person,0
Ulster_Unionist_Party,6802,Political Party,3
Umar_Farooq,6803,Person,0
Umar_Manko,6804,Person,0
Umar_al_Bashir,6805,Person,0
Umarali_Quvvatov,6806,Person,0
Umaru_Musa_Yar'Adua,6807,Person,0
Umaru_Tanko_Al-Makura,6808,Person,0
Umayya_Touqan,6809,Person,0
Undersecretary_(Bahrain),6810,Person,0
Undersecretary_(Iraq),6811,Person,0
Undersecretary_(Italy),6812,Person,0
Undersecretary_(Kuwait),6813,Person,0
Undersecretary_(South_Sudan),6814,Person,0
Undersecretary_(Sudan),6815,Person,0
Undersecretary_(United_Arab_Emirates),6816,Person,0
Undersecretary_(United_States),6817,Person,0
Union_Of_Arab_Banks,6818,Political Party,3
Union_des_Forces_Démocratiques_de_Guinée,6819,Political Party,3
Union_des_Forces_Républicaines,6820,Political Party,3
Union_of_Right_Forces,6821,Political Party,3
United_Aircraft_Corporation,6822,Business,5
United_Arab_Emirates,6823,Person,0
United_Bank,6824,Business,5
United_Democratic_Movement,6825,Political Party,3
United_Democratic_Party,6826,Political Party,3
United_Left_(Slovenia),6827,Person,0
United_Nations_Children's_Fund,6828,Person,0
United_Nations_Interim_Administration_in_Kosovo,6829,Government,1
United_Party_for_National_Development,6830,Political Party,3
United_Progressive_Alliance,6831,Person,0
United_Russia,6832,Political Party,3
United_Self-Defense_Forces_of_Colombia,6833,Military,2
United_States_Senate,6834,Government,1
Unity_Party_(Liberia),6835,Political Party,3
Unity_Party_(Turkey),6836,Political Party,3
Universal_Church_of_the_Kingdom_of_God,6837,Person,0
University_of_Cape_Town,6838,Education,6
University_of_Concepción,6839,Education,6
University_of_Johannesburg,6840,Education,6
University_of_Liberia,6841,Education,6
University_of_Limpopo,6842,Education,6
University_of_Nairobi,6843,Education,6
University_of_South_Africa,6844,Education,6
University_of_Vienna,6845,Education,6
University_of_Zimbabwe,6846,Education,6
University_of_the_Philippines,6847,Education,6
Uong_Chu_Luu,6848,Person,0
Uri_Ariel,6849,Person,0
Urmas_Reinsalu,6850,Person,0
Usman_Sa'idu_Nasamu_Dakingari,6851,Person,0
Ustadz_Habier_Malik,6852,Person,0
Utoni_Nujoma,6853,Person,0
Vakhtang_Maisaia,6854,Person,0
Valdas_Adamkus,6855,Person,0
Valdis_Dombrovskis,6856,Person,0
Valens_Munyabagisha,6857,Person,0
Valentinas_Mazuronis,6858,Person,0
Valeriu_Troenco,6859,Person,0
Valery_Heletei,6860,Person,0
Vanguard,6861,Location/Other,8
Vanuatu,6862,Location/Other,8
Vasil_Shtonov,6863,Person,0
Vasily_Golubev,6864,Person,0
Vassilis_Kikilias,6865,Person,0
Vasundhara_Raje,6866,Person,0
Ved_Pratap_Vaidik,6867,Person,0
Veera_Somkwamkid,6868,Person,0
Venstre,6869,Location/Other,8
Vera_Jourova,6870,Person,0
Verkhovna_Rada,6871,Person,0
Vesna_Pusić,6872,Person,0
Veterans_(Afghanistan),6873,Person,0
Veterans_(Angola),6874,Person,0
Veterans_(Croatia),6875,Person,0
Veterans_(France),6876,Person,0
Veterans_(Israel),6877,Person,0
Veterans_(Kyrgyzstan),6878,Person,0
Veterans_(Malaysia),6879,Person,0
Veterans_(Philippines),6880,Person,0
Veterans_(Russia),6881,Person,0
Veterans_(South_Korea),6882,Person,0
Veterans_(Uganda),6883,Person,0
Veterans_(United_Kingdom),6884,Person,0
Veterans_(United_States),6885,Person,0
Vethowen_Girl,6886,Person,0
Vic_Toews,6887,Person,0
Victor_Ponta,6888,Person,0
Victoria_Nuland,6889,Person,0
Vietnam,6890,Location/Other,8
Vijay_Goel,6891,Person,0
Viktor_Bondarev,6892,Person,0
Viktor_Chirkov,6893,Person,0
Viktor_Muzhenko,6894,Person,0
Viktor_Orban,6895,Person,0
Viktor_Pshonka,6896,Person,0
Viktor_Yushchenko,6897,Person,0
Villager_(Bermuda),6898,Person,0
Villager_(Burundi),6899,Person,0
Villager_(China),6900,Person,0
Villager_(Democratic_Republic_of_Congo),6901,Person,0
Villager_(Hong_Kong),6902,Person,0
Villager_(India),6903,Person,0
Villager_(Iraq),6904,Person,0
Villager_(Myanmar),6905,Person,0
Villager_(Namibia),6906,Person,0
Villager_(Pakistan),6907,Person,0
Villager_(Peru),6908,Person,0
Villager_(Philippines),6909,Person,0
Villager_(Somalia),6910,Person,0
Villager_(South_Africa),6911,Person,0
Villager_(Sudan),6912,Person,0
Villager_(Tanzania),6913,Person,0
Villager_(Thailand),6914,Person,0
Villager_(Turkey),6915,Person,0
Vilnius_University,6916,Education,6
Vincent_C._Siew,6917,Business,5
Vincent_Cable,6918,Business,5
Vincent_Gray,6919,Business,5
Violent_Group_(Sri_Lanka),6920,Organization,4
Violent_Group_(Venezuela),6921,Organization,4
Viorel_Hrebenciuc,6922,Person,0
Virgin_Atlantic_Airways,6923,Person,0
Virtue_Party,6924,Political Party,3
Vitali_Klitschko,6925,Person,0
Vitalie_Marinuta,6926,Person,0
Vitaliy_Yarema,6927,Person,0
Vlad_Filat,6928,Person,0
Vladimir_Chizhov,6929,Person,0
Vladimir_Drobnjak,6930,Person,0
Vladimir_Dzhabarov,6931,Person,0
Vladimir_Konstantinov,6932,Person,0
Vladimir_Miklushevskiy,6933,Person,0
Vladimir_Padrino_Lopez,6934,Person,0
Vladimir_Puchkov,6935,Person,0
Vladimir_Voronin,6936,Person,0
Vladimir_Yevtushenkov,6937,Person,0
Vladimiro_Montesinos,6938,Person,0
Vlastimil_Picek,6939,Person,0
Vnesheconombank,6940,Business,5
Voice_of_Jihad,6941,Person,0
Voice_of_the_Voiceless,6942,Person,0
Vojislav_Šešelj,6943,Person,0
Vojtěch_Filip,6944,Person,0
Volen_Siderov,6945,Person,0
Volodymyr_Konstantynov,6946,Person,0
Volodymyr_Polyovyy,6947,Person,0
Volvo,6948,Business,5
Vyacheslav_Shport,6949,Person,0
Vytenis_Povilas_Andriukaitis,6950,Person,0
Vítor_Constâncio,6951,Person,0
WAM_news_agency,6952,Media,7
Wadhawa_Singh,6953,Person,0
Wael_Abdul_Latif,6954,Person,0
Wael_al-Halki,6955,Person,0
Waiter_(India),6956,Person,0
Waiter_(Spain),6957,Person,0
Wan_Azizah,6958,Person,0
Wang_Anshun,6959,Person,0
Wang_Gang,6960,Person,0
Wang_Wen,6961,Person,0
Wang_Yang,6962,Person,0
War_Correspondent_(Ghana),6963,Person,0
Warren_Truss,6964,Person,0
Waseda_University,6965,Education,6
Web_Site_(Lithuania),6966,Person,0
Wendy_Sherman,6967,Person,0
Werner_Faymann,6968,Person,0
West_Papua,6969,Location/Other,8
Western_Cape_High_Court,6970,Government,1
Western_Sahara,6971,Person,0
Wilben_Mayor,6972,Person,0
Will_Hodgman,6973,Person,0
Willem-Alexander,6974,Location/Other,8
William_Chandler,6975,Person,0
William_J._Henderson,6976,Person,0
William_Kabogo,6977,Person,0
William_Lukuvi,6978,Person,0
William_Ruto,6979,Person,0
William_Schabas,6980,Person,0
William_Spindler,6981,Person,0
William_ole_Ntimama,6982,Person,0
Willies_Mchunu,6983,Person,0
Wilson_Uwujaren,6984,Person,0
Winnie_Madikizela-Mandela,6985,Person,0
Winston_Peters,6986,Person,0
Winthai_Suvari,6987,Person,0
Wojciech_Jaruzelski,6988,Person,0
Wole_Olanipekun,6989,Person,0
Wolfgang_Priklopil,6990,Person,0
Women_(Afghanistan),6991,Person,0
Women_(Angola),6992,Person,0
Women_(Argentina),6993,Person,0
Women_(Australia),6994,Person,0
Women_(Austria),6995,Person,0
Women_(Bahrain),6996,Person,0
Women_(Belarus),6997,Person,0
Women_(Bolivia),6998,Person,0
Women_(Burundi),6999,Person,0
Women_(Cambodia),7000,Person,0
Women_(Canada),7001,Person,0
Women_(Chile),7002,Person,0
Women_(China),7003,Person,0
Women_(Costa_Rica),7004,Person,0
Women_(Denmark),7005,Person,0
Women_(Egypt),7006,Person,0
Women_(France),7007,Person,0
Women_(Georgia),7008,Person,0
Women_(Hong_Kong),7009,Person,0
Women_(Indonesia),7010,Person,0
Women_(Israel),7011,Person,0
Women_(Jordan),7012,Person,0
Women_(Kenya),7013,Person,0
Women_(Madagascar),7014,Person,0
Women_(Malaysia),7015,Person,0
Women_(Mexico),7016,Person,0
Women_(Moldova),7017,Person,0
Women_(Nepal),7018,Person,0
Women_(Pakistan),7019,Person,0
"Women_(Palestinian_Territory,_Occupied)",7020,Person,0
Women_(Poland),7021,Person,0
Women_(Rwanda),7022,Person,0
Women_(Senegal),7023,Person,0
Women_(Sierra_Leone),7024,Person,0
Women_(South_Sudan),7025,Person,0
Women_(Spain),7026,Person,0
Women_(Sri_Lanka),7027,Person,0
Women_(Uganda),7028,Person,0
Women_(Ukraine),7029,Person,0
Women_(United_Arab_Emirates),7030,Person,0
Women_/_Children_/_Social_/_Welfare_/_Development_/_Religion_Ministry_(Canada),7031,Government,1
Women_/_Children_/_Social_/_Welfare_/_Development_/_Religion_Ministry_(Pakistan),7032,Government,1
Word_of_Life_Bible_Church,7033,Person,0
Workers'_Party,7034,Political Party,3
Workers'_Party_(North_Korea),7035,Political Party,3
World_Organization_Against_Torture,7036,Organization,4
Wu_Chih-yang,7037,Person,0
Xi_Jinping,7038,Person,0
Xu_Caihou,7039,Person,0
Y._Sinha,7040,Person,0
Yabloko,7041,Political Party,3
Yair_Lapid,7042,Person,0
Yakubu_Gowon,7043,Person,0
Yalcin_Akdogan,7044,Person,0
Yamfwa_Mukanga,7045,Person,0
Yamoussa_Camara,7046,Person,0
Yannis_Stournaras,7047,Person,0
Yariv_Levin,7048,Person,0
Yasar_Yakis,7049,Person,0
Yasin_Aktay,7050,Person,0
Yasin_Bhatkal,7051,Person,0
Yasir_Arafat,7052,Person,0
Yasser_Ali,7053,Person,0
Yasuhisa_Shiozaki,7054,Person,0
Yasuo_Fukuda,7055,Person,0
Yeganeh_Salehi,7056,Person,0
Yeh_Shih-wen,7057,Person,0
Yehuda_Glick,7058,Person,0
Yehude_Simon,7059,Person,0
Yemeni_Congregation_for_Reform,7060,Person,0
Yemi_Osinbajo,7061,Person,0
Yen_Ming,7062,Person,0
Yerbolat_Dosayev,7063,Person,0
Yesh_Atid,7064,Person,0
Yevgeny_Maksimovich_Primakov,7065,Person,0
Yevgeny_Shevchuk,7066,Person,0
Yevhen_Perebyinis,7067,Person,0
Yi_Xianliang,7068,Person,0
Yitzhak_Rabin,7069,Person,0
Yoani_Sánchez,7070,Person,0
Yogendra_Yadav,7071,Person,0
Yoon_Sang-jick,7072,Person,0
Yoshihiko_Noda,7073,Person,0
Yoshimi_Watanabe,7074,Person,0
Yoshitaka_Shindo,7075,Person,0
Your_Party,7076,Political Party,3
Youssef_Boutros_Ghali,7077,Person,0
Youssouf_Bakayoko,7078,Person,0
Youth_and_Sports_Ministry_(Azerbaijan),7079,Government,1
Youth_and_Sports_Ministry_(Tunisia),7080,Government,1
Youth_and_Sports_Ministry_(Zambia),7081,Government,1
Yu_Zhengsheng,7082,Person,0
Yukos,7083,Business,5
Yulia_Tymoshenko,7084,Person,0
Yunus_Qanuni,7085,Person,0
Yuriy_Lutsenko,7086,Person,0
Yuriy_Sergeyev,7087,Person,0
Yuriy_Stets,7088,Person,0
Yves-Fran_Francois_Blanchet,7089,Person,0
Zacharie_Myboto,7090,Person,0
Zafar_Ali_Shah,7091,Person,0
Zagazig_University,7092,Education,6
Zaheerul_Islam,7093,Person,0
Zahid_Hamid,7094,Person,0
Zaini_Abdullah,7095,Person,0
Zakariya_Ismail_Ahmed_Hersi,7096,Person,0
Zaki_Bani-Irshayd,7097,Person,0
Zakir_Hasanov,7098,Person,0
Zalmai_Rassoul,7099,Person,0
Zambia_National_Broadcasting_Corporation,7100,Business,5
Zambian_Defence_Force,7101,Military,2
Zanzibar,7102,Location/Other,8
Zapatista_Army_of_National_Liberation,7103,Military,2
Zawahiri,7104,Location/Other,8
Zeid_Ra'ad_Al_Hussein,7105,Person,0
Zekerijah_Osmic,7106,Person,0
Zeng_Peiyan,7107,Person,0
Zgharta,7108,Location/Other,8
Zhang_Dejiang,7109,Person,0
Zhang_Yesui,7110,Person,0
Zhao_Ziyang,7111,Person,0
Zheng_Zeguang,7112,Person,0
Ziad_al-Karbouly,7113,Person,0
Zimbabwe_Exiles_Forum,7114,Person,0
Zimbabwe_Republic_Police,7115,Military,2
Zimbabwe_Union_of_Journalists,7116,Political Party,3
Zinaida_Zlatanova,7117,Person,0
Ziyad_Abu-Ayn,7118,Person,0
Zoran_Zaev,7119,Person,0
Zoryan_Shkiryak,7120,Person,0
Zsolt_Simon,7121,Person,0
Zuba,7122,Location/Other,8
Zurab_Abashidze,7123,Person,0
Álvaro_Antonio_Alemán_Healy,7124,Person,0
Álvaro_García,7125,Person,0
Álvaro_García_Hurtado,7126,Person,0
Ângelo_de_Barros_Veiga_Tavares,7127,Person,0
